sample_id,year,forecast_month,actual,pred_LinearRegression,error_LinearRegression,pred_SimpleRNN,error_SimpleRNN,pred_LSTM,error_LSTM
1,2016,1,11.80000,12.37559,0.57559,12.02885,0.22885,11.96579,0.16579
1,2016,2,12.43000,13.05235,0.62235,13.30869,0.87869,12.60275,0.17275
1,2016,3,12.61000,13.06660,0.45660,13.79477,1.18477,12.81765,0.20765
1,2016,4,11.98000,12.23948,0.25948,12.36430,0.38430,12.33358,0.35358
1,2016,5,10.25000,10.65327,0.40327,10.39497,0.14497,11.24690,0.99690
1,2016,6,8.21000,8.28637,0.07637,7.91083,-0.29917,8.73166,0.52166
1,2016,7,5.37000,5.61926,0.24926,6.00340,0.63340,5.76863,0.39863
1,2016,8,3.31000,3.67255,0.36255,4.51559,1.20559,3.52362,0.21362
1,2016,9,2.91000,3.99893,1.08893,4.45420,1.54420,3.39971,0.48971
1,2016,10,4.40000,5.64230,1.24230,5.14497,0.74497,5.32613,0.92613
1,2016,11,7.01000,8.34770,1.33770,7.30198,0.29198,8.19148,1.18148
1,2016,12,9.62000,10.94558,1.32558,9.89200,0.27200,10.54426,0.92426
2,2016,1,12.43000,12.60732,0.17732,13.30959,0.87959,12.53668,0.10668
2,2016,2,12.61000,12.83668,0.22668,13.35746,0.74746,12.74854,0.13854
2,2016,3,11.98000,12.24713,0.26713,12.72075,0.74075,12.37621,0.39621
2,2016,4,10.25000,10.82679,0.57679,10.48482,0.23482,11.08760,0.83760
2,2016,5,8.21000,8.30360,0.09360,8.04009,-0.16991,8.96179,0.75179
2,2016,6,5.37000,5.68585,0.31585,5.97800,0.60800,6.01725,0.64725
2,2016,7,3.31000,3.88562,0.57562,4.89066,1.58066,3.78402,0.47402
2,2016,8,2.91000,3.86512,0.95512,4.51604,1.60604,3.44286,0.53286
2,2016,9,4.40000,5.97025,1.57025,5.58590,1.18590,5.22756,0.82756
2,2016,10,7.01000,8.15869,1.14869,7.23359,0.22359,8.04618,1.03618
2,2016,11,9.62000,10.53437,0.91437,9.65902,0.03902,10.50264,0.88264
2,2016,12,11.37000,12.11062,0.74062,11.82799,0.45799,11.88027,0.51027
3,2016,1,12.61000,12.56069,-0.04931,13.33377,0.72377,12.56543,-0.04457
3,2016,2,11.98000,12.06923,0.08923,12.23222,0.25222,12.31585,0.33585
3,2016,3,10.25000,10.75547,0.50547,10.68449,0.43449,11.09710,0.84710
3,2016,4,8.21000,8.53451,0.32451,8.11199,-0.09801,8.84856,0.63856
3,2016,5,5.37000,5.64976,0.27976,5.79750,0.42750,6.23539,0.86539
3,2016,6,3.31000,4.07430,0.76430,4.68076,1.37076,4.10207,0.79207
3,2016,7,2.91000,3.88397,0.97397,4.72472,1.81472,3.66197,0.75197
3,2016,8,4.40000,5.75929,1.35929,5.54361,1.14361,5.22056,0.82056
3,2016,9,7.01000,8.80106,1.79106,7.39084,0.38084,7.92012,0.91012
3,2016,10,9.62000,10.50910,0.88910,9.51814,-0.10186,10.33059,0.71059
3,2016,11,11.37000,11.71960,0.34960,11.58879,0.21879,11.81046,0.44046
3,2016,12,12.32000,12.32172,0.00172,12.90396,0.58396,12.41286,0.09286
4,2016,1,11.98000,12.07889,0.09889,12.19413,0.21413,12.08924,0.10924
4,2016,2,10.25000,10.68789,0.43789,10.19175,-0.05825,10.98205,0.73205
4,2016,3,8.21000,8.41164,0.20164,8.18806,-0.02194,8.82911,0.61911
4,2016,4,5.37000,5.86445,0.49445,5.83728,0.46728,6.14999,0.77999
4,2016,5,3.31000,4.00229,0.69229,4.24487,0.93487,4.27642,0.96642
4,2016,6,2.91000,4.04583,1.13583,4.33540,1.42540,3.99754,1.08754
4,2016,7,4.40000,5.67231,1.27231,5.58838,1.18838,5.44140,1.04140
4,2016,8,7.01000,8.47548,1.46548,7.38507,0.37507,7.89591,0.88591
4,2016,9,9.62000,10.95181,1.33181,9.61443,-0.00557,10.24922,0.62922
4,2016,10,11.37000,11.68784,0.31784,11.52242,0.15242,11.70486,0.33486
4,2016,11,12.32000,12.34474,0.02474,12.75794,0.43794,12.35096,0.03096
4,2016,12,12.61000,12.43044,-0.17956,12.97921,0.36921,12.47539,-0.13461
5,2016,1,10.25000,10.59766,0.34766,10.08542,-0.16458,10.70871,0.45871
5,2016,2,8.21000,8.34244,0.13244,7.65634,-0.55366,8.64019,0.43019
5,2016,3,5.37000,5.88823,0.51823,5.90960,0.53960,6.06921,0.69921
5,2016,4,3.31000,3.99342,0.68342,4.43821,1.12821,4.17649,0.86649
5,2016,5,2.91000,4.10877,1.19877,4.05064,1.14064,4.11577,1.20577
5,2016,6,4.40000,5.92049,1.52049,5.38168,0.98168,5.75446,1.35446
5,2016,7,7.01000,8.47865,1.46865,7.57792,0.56792,8.14690,1.13690
5,2016,8,9.62000,10.60045,0.98045,9.78647,0.16647,10.35872,0.73872
5,2016,9,11.37000,12.04293,0.67293,11.79190,0.42190,11.67850,0.30850
5,2016,10,12.32000,12.33578,0.01578,12.80302,0.48302,12.36707,0.04707
5,2016,11,12.61000,12.37634,-0.23366,12.83762,0.22762,12.37352,-0.23648
5,2016,12,12.26000,11.98819,-0.27181,11.91988,-0.34012,11.96311,-0.29689
6,2016,1,8.21000,8.08443,-0.12557,7.62158,-0.58842,8.23939,0.02939
6,2016,2,5.37000,5.63469,0.26469,5.50834,0.13834,5.89290,0.52290
6,2016,3,3.31000,4.00661,0.69661,4.63976,1.32976,4.07411,0.76411
6,2016,4,2.91000,4.06796,1.15796,4.50316,1.59316,3.98924,1.07924
6,2016,5,4.40000,5.91719,1.51719,5.45871,1.05871,5.76394,1.36394
6,2016,6,7.01000,8.55111,1.54111,7.71606,0.70606,8.38306,1.37306
6,2016,7,9.62000,10.72321,1.10321,10.18283,0.56283,10.56542,0.94542
6,2016,8,11.37000,11.77738,0.40738,12.03962,0.66962,11.96113,0.59113
6,2016,9,12.32000,12.55060,0.23060,13.09257,0.77257,12.32245,0.00245
6,2016,10,12.61000,12.23965,-0.37035,12.90598,0.29598,12.42344,-0.18656
6,2016,11,12.26000,11.77957,-0.48043,11.66404,-0.59596,11.70740,-0.55260
6,2016,12,11.01000,10.48212,-0.52788,9.92175,-1.08825,10.47150,-0.53850
7,2016,1,5.37000,5.76091,0.39091,5.75023,0.38023,5.51531,0.14531
7,2016,2,3.31000,4.04911,0.73911,4.59947,1.28947,4.00264,0.69264
7,2016,3,2.91000,4.03130,1.12130,4.77320,1.86320,3.98654,1.07654
7,2016,4,4.40000,5.97434,1.57434,5.87939,1.47939,5.68997,1.28997
7,2016,5,7.01000,8.30858,1.29858,7.76460,0.75460,8.31818,1.30818
7,2016,6,9.62000,10.75920,1.13920,10.28039,0.66039,10.71171,1.09171
7,2016,7,11.37000,11.78554,0.41554,12.24839,0.87839,12.07602,0.70602
7,2016,8,12.32000,12.41089,0.09089,13.22816,0.90816,12.63466,0.31466
7,2016,9,12.61000,12.79624,0.18624,13.00145,0.39145,12.37892,-0.23108
7,2016,10,12.26000,11.62423,-0.63577,11.77248,-0.48752,11.78568,-0.47432
7,2016,11,11.01000,10.20671,-0.80329,9.69916,-1.31084,10.23155,-0.77845
7,2016,12,8.63000,8.04549,-0.58451,7.74316,-0.88684,8.15010,-0.47990
8,2016,1,3.31000,3.86355,0.55355,4.69021,1.38021,3.67624,0.36624
8,2016,2,2.91000,4.04257,1.13257,4.76889,1.85889,3.94178,1.03178
8,2016,3,4.40000,5.80927,1.40927,5.91210,1.51210,5.77175,1.37175
8,2016,4,7.01000,8.51578,1.50578,7.85442,0.84442,8.30240,1.29240
8,2016,5,9.62000,10.53565,0.91565,10.05762,0.43762,10.68254,1.06254
8,2016,6,11.37000,11.97331,0.60331,12.25879,0.88879,12.21718,0.84718
8,2016,7,12.32000,12.38179,0.06179,13.22046,0.90046,12.75601,0.43601
8,2016,8,12.61000,12.44288,-0.16712,13.09929,0.48929,12.65162,0.04162
8,2016,9,12.26000,12.30301,0.04301,11.72394,-0.53606,11.77485,-0.48515
8,2016,10,11.01000,10.13281,-0.87719,9.71359,-1.29641,10.23687,-0.77313
8,2016,11,8.63000,7.78279,-0.84721,7.43383,-1.19617,7.87804,-0.75196
8,2016,12,5.65000,5.40721,-0.24279,5.82078,0.17078,5.57825,-0.07175
9,2016,1,2.91000,3.43834,0.52834,4.46409,1.55409,3.68481,0.77481
9,2016,2,4.40000,5.49517,1.09517,5.78296,1.38296,5.72270,1.32270
9,2016,3,7.01000,8.54261,1.53261,7.76921,0.75921,8.37024,1.36024
9,2016,4,9.62000,10.75161,1.13161,10.07495,0.45495,10.60598,0.98598
9,2016,5,11.37000,12.16537,0.79537,11.93803,0.56803,12.18789,0.81789
9,2016,6,12.32000,12.63142,0.31142,13.28023,0.96023,12.91241,0.59241
9,2016,7,12.61000,12.62069,0.01069,13.07068,0.46068,12.80681,0.19681
9,2016,8,12.26000,11.84911,-0.41089,11.82766,-0.43234,12.00421,-0.25579
9,2016,9,11.01000,10.56096,-0.44904,9.52526,-1.48474,10.19871,-0.81129
9,2016,10,8.63000,7.63666,-0.99334,7.16689,-1.46311,7.78176,-0.84824
9,2016,11,5.65000,5.10800,-0.54200,5.24817,-0.40183,5.22830,-0.42170
9,2016,12,3.64000,3.76459,0.12459,4.44702,0.80702,3.86810,0.22810
10,2016,1,4.40000,4.90152,0.50152,5.26827,0.86827,5.36537,0.96537
10,2016,2,7.01000,7.98762,0.97762,7.54228,0.53228,8.22153,1.21153
10,2016,3,9.62000,10.77785,1.15785,10.05424,0.43424,10.55927,0.93927
10,2016,4,11.37000,12.28025,0.91025,12.04278,0.67278,11.97654,0.60654
10,2016,5,12.32000,12.91892,0.59892,13.04891,0.72891,12.84298,0.52298
10,2016,6,12.61000,12.85616,0.24616,13.14854,0.53854,12.97889,0.36889
10,2016,7,12.26000,12.03736,-0.22264,11.87095,-0.38905,12.19147,-0.06853
10,2016,8,11.01000,10.27742,-0.73258,9.70283,-1.30717,10.43726,-0.57274
10,2016,9,8.63000,7.99322,-0.63678,6.97273,-1.65727,7.69480,-0.93520
10,2016,10,5.65000,5.05013,-0.59987,4.80449,-0.84551,4.98042,-0.66958
10,2016,11,3.64000,3.35470,-0.28530,3.74235,0.10235,3.35631,-0.28369
10,2016,12,3.35000,3.46948,0.11948,4.10963,0.75963,3.79908,0.44908
11,2016,1,7.01000,7.63727,0.62727,7.03270,0.02270,7.72848,0.71848
11,2016,2,9.62000,10.44831,0.82831,9.71855,0.09855,10.27209,0.65209
11,2016,3,11.37000,12.25763,0.88763,12.15907,0.78907,11.84654,0.47654
11,2016,4,12.32000,13.13815,0.81815,13.24491,0.92491,12.56956,0.24956
11,2016,5,12.61000,12.84792,0.23792,13.16438,0.55438,12.98150,0.37150
11,2016,6,12.26000,12.32113,0.06113,11.95832,-0.30168,12.47320,0.21320
11,2016,7,11.01000,10.38917,-0.62083,9.94726,-1.06274,10.74450,-0.26550
11,2016,8,8.63000,7.86742,-0.76258,7.34844,-1.28156,7.95160,-0.67840
11,2016,9,5.65000,5.56036,-0.08964,4.88233,-0.76767,4.91639,-0.73361
11,2016,10,3.64000,3.06757,-0.57243,3.37671,-0.26329,2.94354,-0.69646
11,2016,11,3.35000,2.96235,-0.38765,3.48233,0.13233,3.13068,-0.21932
11,2016,12,5.30000,5.00696,-0.29304,5.03198,-0.26802,5.27125,-0.02875
12,2016,1,9.62000,10.13723,0.51723,9.35238,-0.26762,9.89559,0.27559
12,2016,2,11.37000,12.23980,0.86980,11.77118,0.40118,11.53788,0.16788
12,2016,3,12.32000,12.99689,0.67689,13.53348,1.21348,12.42895,0.10895
12,2016,4,12.61000,13.09992,0.48992,13.41806,0.80806,12.69311,0.08311
12,2016,5,12.26000,12.10087,-0.15913,12.28798,0.02798,12.63348,0.37348
12,2016,6,11.01000,10.58180,-0.42820,10.09554,-0.91446,11.19572,0.18572
12,2016,7,8.63000,7.98686,-0.64314,7.81396,-0.81604,8.44753,-0.18247
12,2016,8,5.65000,5.22992,-0.42008,5.37393,-0.27607,5.15073,-0.49927
12,2016,9,3.64000,3.78479,0.14479,3.84032,0.20032,2.89812,-0.74188
12,2016,10,3.35000,2.78215,-0.56785,3.26217,-0.08783,2.65117,-0.69883
12,2016,11,5.30000,4.49551,-0.80449,4.56309,-0.73691,4.65548,-0.64452
12,2016,12,8.08000,7.57626,-0.50374,6.96119,-1.11881,7.56426,-0.51574
13,2017,1,11.37000,11.83578,0.46578,11.62322,0.25322,11.39228,0.02228
13,2017,2,12.32000,12.85713,0.53713,13.14518,0.82518,12.20577,-0.11423
13,2017,3,12.61000,13.02761,0.41761,13.85010,1.24010,12.59183,-0.01817
13,2017,4,12.26000,12.17585,-0.08415,12.56445,0.30445,12.36989,0.10989
13,2017,5,11.01000,10.39592,-0.61408,10.53228,-0.47772,11.48590,0.47590
13,2017,6,8.63000,8.07165,-0.55835,7.91786,-0.71214,8.96281,0.33281
13,2017,7,5.65000,5.30628,-0.34372,5.91517,0.26517,5.66490,0.01490
13,2017,8,3.64000,3.23207,-0.40793,4.19082,0.55082,3.02826,-0.61174
13,2017,9,3.35000,3.54706,0.19706,3.92336,0.57336,2.55328,-0.79672
13,2017,10,5.30000,4.40553,-0.89447,4.41287,-0.88713,4.29056,-1.00944
13,2017,11,8.08000,7.13056,-0.94944,6.63809,-1.44191,7.24462,-0.83538
13,2017,12,10.26000,10.05385,-0.20615,9.32633,-0.93367,9.80990,-0.45010
14,2017,1,12.32000,12.56111,0.24111,13.15120,0.83120,12.13013,-0.18987
14,2017,2,12.61000,12.82572,0.21572,13.42428,0.81428,12.47416,-0.13584
14,2017,3,12.26000,12.14748,-0.11252,12.98052,0.72052,12.32129,0.06129
14,2017,4,11.01000,10.54876,-0.46124,10.78780,-0.22220,11.32292,0.31292
14,2017,5,8.63000,7.98098,-0.64902,8.20975,-0.42025,9.32219,0.69219
14,2017,6,5.65000,5.42121,-0.22879,5.89182,0.24182,6.15287,0.50287
14,2017,7,3.64000,3.34457,-0.29543,4.66765,1.02765,3.37545,-0.26455
14,2017,8,3.35000,3.17388,-0.17612,4.04495,0.69495,2.56328,-0.78672
14,2017,9,5.30000,5.02503,-0.27497,4.96951,-0.33049,4.12903,-1.17097
14,2017,10,8.08000,6.88753,-1.19247,6.48059,-1.59941,7.04492,-1.03508
14,2017,11,10.26000,9.69792,-0.56208,9.08319,-1.17681,9.74984,-0.51016
14,2017,12,11.70000,11.69102,-0.00898,11.44472,-0.25528,11.34662,-0.35338
15,2017,1,12.61000,12.60493,-0.00507,13.49669,0.88669,12.35697,-0.25303
15,2017,2,12.26000,11.96172,-0.29828,12.52225,0.26225,12.28920,0.02920
15,2017,3,11.01000,10.53609,-0.47391,11.06670,0.05670,11.31306,0.30306
15,2017,4,8.63000,8.27397,-0.35603,8.39977,-0.23023,9.25031,0.62031
15,2017,5,5.65000,5.44542,-0.20458,5.85192,0.20192,6.48602,0.83602
15,2017,6,3.64000,3.80786,0.16786,4.42942,0.78942,3.84364,0.20364
15,2017,7,3.35000,3.18871,-0.16129,4.33189,0.98189,2.78516,-0.56484
15,2017,8,5.30000,4.61881,-0.68119,4.96105,-0.33895,4.07559,-1.22441
15,2017,9,8.08000,7.66341,-0.41659,6.76961,-1.31039,6.88470,-1.19530
15,2017,10,10.26000,9.46839,-0.79161,8.92900,-1.33100,9.62818,-0.63182
15,2017,11,11.70000,11.29242,-0.40758,11.26741,-0.43259,11.36299,-0.33701
15,2017,12,12.31000,12.43871,0.12871,12.81779,0.50779,12.10022,-0.20978
16,2017,1,12.26000,11.89314,-0.36686,12.56691,0.30691,12.11810,-0.14190
16,2017,2,11.01000,10.32384,-0.68616,10.57108,-0.43892,11.24925,0.23925
16,2017,3,8.63000,8.14976,-0.48024,8.51944,-0.11056,9.23417,0.60417
16,2017,4,5.65000,5.71856,0.06856,5.95904,0.30904,6.43101,0.78101
16,2017,5,3.64000,3.77057,0.13057,4.07526,0.43526,4.09142,0.45142
16,2017,6,3.35000,3.46905,0.11905,3.90796,0.55796,3.24070,-0.10930
16,2017,7,5.30000,4.54018,-0.75982,5.06558,-0.23442,4.30297,-0.99703
16,2017,8,8.08000,7.07355,-1.00645,6.79083,-1.28917,6.83241,-1.24759
16,2017,9,10.26000,10.08978,-0.17022,9.09811,-1.16189,9.53532,-0.72468
16,2017,10,11.70000,11.16255,-0.53745,11.19075,-0.50925,11.29095,-0.40905
16,2017,11,12.31000,12.38755,0.07755,12.71872,0.40872,12.09973,-0.21027
16,2017,12,12.69000,12.57977,-0.11023,13.15444,0.46444,12.33372,-0.35628
17,2017,1,11.01000,10.57019,-0.43981,10.55765,-0.45235,11.10478,0.09478
17,2017,2,8.63000,8.10825,-0.52175,7.97553,-0.65447,9.14633,0.51633
17,2017,3,5.65000,5.72784,0.07784,6.02540,0.37540,6.39949,0.74949
17,2017,4,3.64000,3.82498,0.18498,4.25551,0.61551,4.00556,0.36556
17,2017,5,3.35000,3.45629,0.10629,3.54819,0.19819,3.36577,0.01577
17,2017,6,5.30000,4.86844,-0.43156,4.70596,-0.59404,4.66657,-0.63343
17,2017,7,8.08000,6.92822,-1.15178,6.93907,-1.14093,7.06403,-1.01597
17,2017,8,10.26000,9.57306,-0.68694,9.25686,-1.00314,9.58518,-0.67482
17,2017,9,11.70000,11.77381,0.07381,11.49038,-0.20962,11.28049,-0.41951
17,2017,10,12.31000,12.28463,-0.02537,12.77184,0.46184,12.16685,-0.14315
17,2017,11,12.69000,12.64775,-0.04225,13.09956,0.40956,12.32762,-0.36238
17,2017,12,12.28000,12.03868,-0.24132,12.31965,0.03965,12.11084,-0.16916
18,2017,1,8.63000,8.49414,-0.13586,8.12251,-0.50749,9.04016,0.41016
18,2017,2,5.65000,5.68740,0.03740,5.64772,-0.00228,6.43990,0.78990
18,2017,3,3.64000,3.82606,0.18606,4.46210,0.82210,3.99114,0.35114
18,2017,4,3.35000,3.49359,0.14359,3.95500,0.60500,3.20333,-0.14667
18,2017,5,5.30000,4.84129,-0.45871,4.60284,-0.69716,4.58625,-0.71375
18,2017,6,8.08000,7.26205,-0.81795,6.79977,-1.28023,7.26450,-0.81550
18,2017,7,10.26000,9.40912,-0.85088,9.50284,-0.75716,9.75619,-0.50381
18,2017,8,11.70000,11.25819,-0.44181,11.66437,-0.03563,11.51788,-0.18212
18,2017,9,12.31000,12.68602,0.37602,13.10921,0.79921,12.15483,-0.15517
18,2017,10,12.69000,12.48947,-0.20053,13.23973,0.54973,12.48242,-0.20758
18,2017,11,12.28000,12.24532,-0.03468,12.25523,-0.02477,12.01505,-0.26495
18,2017,12,10.81000,10.84470,0.03470,10.53644,-0.27356,11.08228,0.27228
19,2017,1,5.65000,5.84073,0.19073,6.02947,0.37947,6.15494,0.50494
19,2017,2,3.64000,3.77826,0.13826,4.38378,0.74378,4.04502,0.40502
19,2017,3,3.35000,3.49926,0.14926,4.23295,0.88295,3.20102,-0.14898
19,2017,4,5.30000,4.85244,-0.44756,5.03539,-0.26461,4.43786,-0.86214
19,2017,5,8.08000,7.18128,-0.89872,6.77790,-1.30210,7.12082,-0.95918
19,2017,6,10.26000,9.64561,-0.61439,9.44437,-0.81563,9.93122,-0.32878
19,2017,7,11.70000,11.18292,-0.51708,11.81227,0.11227,11.66366,-0.03634
19,2017,8,12.31000,12.21755,-0.09245,13.18472,0.87472,12.51527,0.20527
19,2017,9,12.69000,12.98519,0.29519,13.38474,0.69474,12.42578,-0.26422
19,2017,10,12.28000,12.08117,-0.19883,12.40259,0.12259,12.10598,-0.17402
19,2017,11,10.81000,10.84936,0.03936,10.42354,-0.38646,10.80653,-0.00347
19,2017,12,8.79000,8.56287,-0.22713,8.32799,-0.46201,8.92717,0.13717
20,2017,1,3.64000,3.62779,-0.01221,4.63497,0.99497,3.65685,0.01685
20,2017,2,3.35000,3.31024,-0.03976,4.23216,0.88216,3.23586,-0.11414
20,2017,3,5.30000,4.85521,-0.44479,5.10437,-0.19563,4.55995,-0.74005
20,2017,4,8.08000,7.33083,-0.74917,6.93495,-1.14505,7.11194,-0.96806
20,2017,5,10.26000,9.66940,-0.59060,9.18602,-1.07398,9.86812,-0.39188
20,2017,6,11.70000,11.47693,-0.22307,11.70117,0.00117,11.85899,0.15899
20,2017,7,12.31000,12.25246,-0.05754,13.14958,0.83958,12.63960,0.32960
20,2017,8,12.69000,12.57109,-0.11891,13.42244,0.73244,12.73585,0.04585
20,2017,9,12.28000,12.58686,0.30686,12.35967,0.07967,12.06551,-0.21449
20,2017,10,10.81000,10.62936,-0.18064,10.47137,-0.33863,10.79055,-0.01945
20,2017,11,8.79000,8.37986,-0.41014,8.09014,-0.69986,8.56033,-0.22967
20,2017,12,5.76000,5.79856,0.03856,6.18314,0.42314,6.10179,0.34179
21,2017,1,3.35000,3.17357,-0.17643,4.14168,0.79168,3.08161,-0.26839
21,2017,2,5.30000,4.59680,-0.70320,5.08295,-0.21705,4.65941,-0.64059
21,2017,3,8.08000,7.32134,-0.75866,6.89304,-1.18696,7.30044,-0.77956
21,2017,4,10.26000,9.89375,-0.36625,9.26523,-0.99477,9.86150,-0.39850
21,2017,5,11.70000,11.57840,-0.12160,11.35451,-0.34549,11.81396,0.11396
21,2017,6,12.31000,12.58551,0.27551,13.10292,0.79292,12.82009,0.51009
21,2017,7,12.69000,12.57001,-0.11999,13.34789,0.65789,12.87729,0.18729
21,2017,8,12.28000,12.15515,-0.12485,12.43843,0.15843,12.28152,0.00152
21,2017,9,10.81000,11.18414,0.37414,10.30826,-0.50174,10.76537,-0.04463
21,2017,10,8.79000,8.22674,-0.56326,7.90340,-0.88660,8.51443,-0.27557
21,2017,11,5.76000,5.61908,-0.14092,5.73185,-0.02815,5.81221,0.05221
21,2017,12,3.90000,3.76903,-0.13097,4.55043,0.65043,3.93561,0.03561
22,2017,1,5.30000,4.64652,-0.65348,4.84488,-0.45512,4.69633,-0.60367
22,2017,2,8.08000,7.11030,-0.96970,6.88234,-1.19766,7.40432,-0.67568
22,2017,3,10.26000,9.85238,-0.40762,9.34306,-0.91694,9.94119,-0.31881
22,2017,4,11.70000,11.75101,0.05101,11.52390,-0.17610,11.63971,-0.06029
22,2017,5,12.31000,12.65357,0.34357,12.85196,0.54196,12.68721,0.37721
22,2017,6,12.69000,12.87773,0.18773,13.33742,0.64742,12.98645,0.29645
22,2017,7,12.28000,12.05831,-0.22169,12.39215,0.11215,12.43214,0.15214
22,2017,8,10.81000,10.74357,-0.06643,10.45349,-0.35651,10.95919,0.14919
22,2017,9,8.79000,8.73533,-0.05467,7.73177,-1.05823,8.44977,-0.34023
22,2017,10,5.76000,5.53664,-0.22336,5.41745,-0.34255,5.74435,-0.01565
22,2017,11,3.90000,3.76131,-0.13869,4.02859,0.12859,3.71418,-0.18582
22,2017,12,3.35000,3.47806,0.12806,4.01875,0.66875,3.57734,0.22734
23,2017,1,8.08000,7.56512,-0.51488,6.79150,-1.28850,7.48681,-0.59319
23,2017,2,10.26000,9.84296,-0.41704,9.34854,-0.91146,9.98410,-0.27590
23,2017,3,11.70000,11.79127,0.09127,11.80626,0.10626,11.64624,-0.05376
23,2017,4,12.31000,12.71001,0.40001,13.04886,0.73886,12.41474,0.10474
23,2017,5,12.69000,12.91898,0.22898,13.24536,0.55536,12.82272,0.13272
23,2017,6,12.28000,12.36339,0.08339,12.30073,0.02073,12.44848,0.16848
23,2017,7,10.81000,10.55758,-0.25242,10.47792,-0.33208,11.06529,0.25529
23,2017,8,8.79000,8.29489,-0.49511,8.01045,-0.77955,8.58320,-0.20680
23,2017,9,5.76000,5.93294,0.17294,5.48236,-0.27764,5.68752,-0.07248
23,2017,10,3.90000,3.67951,-0.22049,3.89053,-0.00947,3.65718,-0.24282
23,2017,11,3.35000,3.70338,0.35338,3.71145,0.36145,3.45346,0.10346
23,2017,12,4.59000,5.32026,0.73026,5.00209,0.41209,5.21354,0.62354
24,2017,1,10.26000,10.31761,0.05761,9.41495,-0.84505,10.07341,-0.18659
24,2017,2,11.70000,11.83066,0.13066,11.72087,0.02087,11.62134,-0.07866
24,2017,3,12.31000,12.72874,0.41874,13.43840,1.12840,12.45350,0.14350
24,2017,4,12.69000,12.82918,0.13918,13.34656,0.65656,12.57698,-0.11302
24,2017,5,12.28000,12.30969,0.02969,12.40419,0.12419,12.41975,0.13975
24,2017,6,10.81000,10.73103,-0.07897,10.36739,-0.44261,11.09613,0.28613
24,2017,7,8.79000,8.09983,-0.69017,8.17054,-0.61946,8.73152,-0.05848
24,2017,8,5.76000,5.48361,-0.27639,5.85392,0.09392,5.74889,-0.01111
24,2017,9,3.90000,3.99824,0.09824,4.33222,0.43222,3.65471,-0.24529
24,2017,10,3.35000,3.69808,0.34808,3.78166,0.43166,3.40565,0.05565
24,2017,11,4.59000,5.59642,1.00642,4.90269,0.31269,5.16918,0.57918
24,2017,12,8.43000,8.10158,-0.32842,7.16571,-1.26429,7.85082,-0.57918
25,2018,1,11.70000,11.88395,0.18395,11.77796,0.07796,11.68014,-0.01986
25,2018,2,12.31000,12.66658,0.35658,13.16252,0.85252,12.39689,0.08689
25,2018,3,12.69000,12.91726,0.22726,13.76577,1.07577,12.66369,-0.02631
25,2018,4,12.28000,12.27695,-0.00305,12.45908,0.17908,12.23499,-0.04501
25,2018,5,10.81000,10.71589,-0.09411,10.56897,-0.24103,11.24183,0.43183
25,2018,6,8.79000,8.26853,-0.52147,8.11779,-0.67221,8.85382,0.06382
25,2018,7,5.76000,5.47810,-0.28190,6.17527,0.41527,5.96626,0.20626
25,2018,8,3.90000,3.68411,-0.21589,4.59609,0.69609,3.67809,-0.22191
25,2018,9,3.35000,4.00417,0.65417,4.39879,1.04879,3.38252,0.03252
25,2018,10,4.59000,5.41786,0.82786,4.96987,0.37987,5.09063,0.50063
25,2018,11,8.43000,8.07259,-0.35741,7.04717,-1.38283,7.83749,-0.59251
25,2018,12,10.45000,10.49523,0.04523,9.61784,-0.83216,10.20362,-0.24638
26,2018,1,12.31000,12.49334,0.18334,13.19165,0.88165,12.38911,0.07911
26,2018,2,12.69000,12.74615,0.05615,13.34879,0.65879,12.64153,-0.04847
26,2018,3,12.28000,12.30962,0.02962,12.81165,0.53165,12.33211,0.05211
26,2018,4,10.81000,10.87139,0.06139,10.64350,-0.16650,11.12280,0.31280
26,2018,5,8.79000,8.32341,-0.46659,8.21125,-0.57875,9.08145,0.29145
26,2018,6,5.76000,5.68387,-0.07613,6.09432,0.33432,6.15814,0.39814
26,2018,7,3.90000,3.76437,-0.13563,4.94220,1.04220,3.84911,-0.05089
26,2018,8,3.35000,3.74198,0.39198,4.46399,1.11399,3.35737,0.00737
26,2018,9,4.59000,5.82415,1.23415,5.43678,0.84678,4.99823,0.40823
26,2018,10,8.43000,7.91749,-0.51251,7.00089,-1.42911,7.75168,-0.67832
26,2018,11,10.45000,10.25557,-0.19443,9.42654,-1.02346,10.23570,-0.21430
26,2018,12,12.14000,11.84240,-0.29760,11.64264,-0.49736,11.68032,-0.45968
27,2018,1,12.69000,12.50762,-0.18238,13.34657,0.65657,12.48682,-0.20318
27,2018,2,12.28000,12.07383,-0.20617,12.32638,0.04638,12.30318,0.02318
27,2018,3,10.81000,10.80768,-0.00232,10.84226,0.03226,11.17427,0.36427
27,2018,4,8.79000,8.53567,-0.25433,8.27388,-0.51612,9.00352,0.21352
27,2018,5,5.76000,5.68950,-0.07050,5.91859,0.15859,6.38644,0.62644
27,2018,6,3.90000,3.98416,0.08416,4.71180,0.81180,4.13300,0.23300
27,2018,7,3.35000,3.73006,0.38006,4.67306,1.32306,3.51492,0.16492
27,2018,8,4.59000,5.51306,0.92306,5.39862,0.80862,4.95122,0.36122
27,2018,9,8.43000,8.47029,0.04029,7.19577,-1.23423,7.62591,-0.80409
27,2018,10,10.45000,10.18877,-0.26123,9.29722,-1.15278,10.09448,-0.35552
27,2018,11,12.14000,11.60204,-0.53796,11.42655,-0.71345,11.64343,-0.49657
27,2018,12,12.76000,12.27863,-0.48137,12.82167,0.06167,12.29460,-0.46540
28,2018,1,12.28000,12.14758,-0.13242,12.32860,0.04860,12.12867,-0.15133
28,2018,2,10.81000,10.72984,-0.08016,10.36946,-0.44054,11.10688,0.29688
28,2018,3,8.79000,8.49761,-0.29239,8.37313,-0.41687,9.02098,0.23098
28,2018,4,5.76000,5.89147,0.13147,5.97009,0.21009,6.32084,0.56084
28,2018,5,3.90000,4.00511,0.10511,4.28002,0.38002,4.31061,0.41061
28,2018,6,3.35000,3.98224,0.63224,4.25870,0.90870,3.83992,0.48992
28,2018,7,4.59000,5.44487,0.85487,5.44025,0.85025,5.14393,0.55393
28,2018,8,8.43000,8.14773,-0.28227,7.18252,-1.24748,7.58136,-0.84864
28,2018,9,10.45000,10.62285,0.17285,9.40542,-1.04458,10.01957,-0.43043
28,2018,10,12.14000,11.50986,-0.63014,11.37116,-0.76884,11.56751,-0.57249
28,2018,11,12.76000,12.29671,-0.46329,12.70344,-0.05656,12.27972,-0.48028
28,2018,12,12.89000,12.52177,-0.36823,13.01944,0.12944,12.44916,-0.44084
29,2018,1,10.81000,10.81723,0.00723,10.33300,-0.47700,10.94304,0.13304
29,2018,2,8.79000,8.42565,-0.36435,7.87998,-0.91002,8.90634,0.11634
29,2018,3,5.76000,5.87032,0.11032,6.05989,0.29989,6.28415,0.52415
29,2018,4,3.90000,4.00462,0.10462,4.45847,0.55847,4.21641,0.31641
29,2018,5,3.35000,3.99961,0.64961,3.94056,0.59056,3.94007,0.59007
29,2018,6,4.59000,5.69749,1.10749,5.16883,0.57883,5.43331,0.84331
29,2018,7,8.43000,8.05742,-0.37258,7.33271,-1.09729,7.81614,-0.61386
29,2018,8,10.45000,10.22058,-0.22942,9.56434,-0.88566,10.11095,-0.33905
29,2018,9,12.14000,11.89115,-0.24885,11.64801,-0.49199,11.56196,-0.57804
29,2018,10,12.76000,12.31908,-0.44092,12.77934,0.01934,12.33901,-0.42099
29,2018,11,12.89000,12.57072,-0.31928,12.93910,0.04910,12.42878,-0.46122
29,2018,12,11.90000,12.15776,0.25776,12.11021,0.21021,12.09791,0.19791
30,2018,1,8.79000,8.45907,-0.33093,7.92369,-0.86631,8.67263,-0.11737
30,2018,2,5.76000,5.77037,0.01037,5.69260,-0.06740,6.19691,0.43691
30,2018,3,3.90000,4.02321,0.12321,4.68841,0.78841,4.13675,0.23675
30,2018,4,3.35000,3.95152,0.60152,4.37861,1.02861,3.78828,0.43828
30,2018,5,4.59000,5.62382,1.03382,5.20807,0.61807,5.40559,0.81559
30,2018,6,8.43000,8.13972,-0.29028,7.40194,-1.02806,8.02242,-0.40758
30,2018,7,10.45000,10.23088,-0.21912,9.91527,-0.53473,10.32158,-0.12842
30,2018,8,12.14000,11.58896,-0.55104,11.88815,-0.25185,11.84168,-0.29832
30,2018,9,12.76000,12.57980,-0.18020,13.09851,0.33851,12.31981,-0.44019
30,2018,10,12.89000,12.42092,-0.46908,13.07003,0.18003,12.53954,-0.35046
30,2018,11,11.90000,12.13490,0.23490,11.94281,0.04281,11.95257,0.05257
30,2018,12,10.50000,10.83450,0.33450,10.24631,-0.25369,10.83547,0.33547
31,2018,1,5.76000,6.05775,0.29775,6.03066,0.27066,5.98053,0.22053
31,2018,2,3.90000,4.12336,0.22336,4.67188,0.77188,4.16539,0.26539
31,2018,3,3.35000,3.94004,0.59004,4.67226,1.32226,3.78058,0.43058
31,2018,4,4.59000,5.63960,1.04960,5.59498,1.00498,5.26858,0.67858
31,2018,5,8.43000,7.96679,-0.46321,7.40120,-1.02880,7.88833,-0.54167
31,2018,6,10.45000,10.33583,-0.11417,9.93435,-0.51565,10.42081,-0.02919
31,2018,7,12.14000,11.53092,-0.60908,12.03636,-0.10364,11.95414,-0.18586
31,2018,8,12.76000,12.34519,-0.41481,13.20005,0.44005,12.64350,-0.11650
31,2018,9,12.89000,12.90431,0.01431,13.19187,0.30187,12.49291,-0.39709
31,2018,10,11.90000,12.03996,0.13996,12.12611,0.22611,12.06783,0.16783
31,2018,11,10.50000,10.75933,0.25933,10.11987,-0.38013,10.66990,0.16990
31,2018,12,8.32000,8.52460,0.20460,8.14155,-0.17845,8.67851,0.35851
32,2018,1,3.90000,3.94669,0.04669,4.83427,0.93427,3.86528,-0.03472
32,2018,2,3.35000,3.85428,0.50428,4.67196,1.32196,3.76579,0.41579
32,2018,3,4.59000,5.53797,0.94797,5.63155,1.04155,5.32727,0.73727
32,2018,4,8.43000,8.09384,-0.33616,7.45732,-0.97268,7.83427,-0.59573
32,2018,5,10.45000,10.20818,-0.24182,9.67036,-0.77964,10.35514,-0.09486
32,2018,6,12.14000,11.70685,-0.43315,11.98888,-0.15112,12.07496,-0.06504
32,2018,7,12.76000,12.31003,-0.44997,13.15244,0.39244,12.75385,-0.00615
32,2018,8,12.89000,12.53059,-0.35941,13.24955,0.35955,12.77399,-0.11601
32,2018,9,11.90000,12.57428,0.67428,12.08272,0.18272,12.03414,0.13414
32,2018,10,10.50000,10.68825,0.18825,10.18767,-0.31233,10.67013,0.17013
32,2018,11,8.32000,8.36490,0.04490,7.88910,-0.43090,8.40911,0.08911
32,2018,12,5.13000,5.79037,0.66037,6.16126,1.03126,6.03236,0.90236
33,2018,1,3.35000,3.62800,0.27800,4.48540,1.13540,3.62117,0.27117
33,2018,2,4.59000,5.32798,0.73798,5.57559,0.98559,5.35356,0.76356
33,2018,3,8.43000,8.15045,-0.27955,7.39182,-1.03818,7.93368,-0.49632
33,2018,4,10.45000,10.40243,-0.04757,9.66302,-0.78698,10.27620,-0.17380
33,2018,5,12.14000,11.88798,-0.25202,11.61582,-0.52418,12.00196,-0.13804
33,2018,6,12.76000,12.53888,-0.22112,13.13618,0.37618,12.85011,0.09011
33,2018,7,12.89000,12.62085,-0.26915,13.16211,0.27211,12.87158,-0.01842
33,2018,8,11.90000,12.22420,0.32420,12.14626,0.24626,12.22339,0.32339
33,2018,9,10.50000,11.03546,0.53546,10.00785,-0.49215,10.61927,0.11927
33,2018,10,8.32000,8.22134,-0.09866,7.70676,-0.61324,8.36758,0.04758
33,2018,11,5.13000,5.67537,0.54537,5.69096,0.56096,5.78910,0.65910
33,2018,12,3.24000,4.07476,0.83476,4.70504,1.46504,4.16523,0.92523
34,2018,1,4.59000,4.99091,0.40091,5.18008,0.59008,5.16244,0.57244
34,2018,2,8.43000,7.74543,-0.68457,7.26649,-1.16351,7.87346,-0.55654
34,2018,3,10.45000,10.38742,-0.06258,9.65914,-0.79086,10.26978,-0.18022
34,2018,4,12.14000,11.96767,-0.17233,11.68927,-0.45073,11.79578,-0.34422
34,2018,5,12.76000,12.74769,-0.01231,12.87378,0.11378,12.73243,-0.02757
34,2018,6,12.89000,12.89093,0.00093,13.20383,0.31383,12.95243,0.06243
34,2018,7,11.90000,12.26458,0.36458,12.12800,0.22800,12.34465,0.44465
34,2018,8,10.50000,10.73306,0.23306,10.15443,-0.34557,10.82129,0.32129
34,2018,9,8.32000,8.59000,0.27000,7.52243,-0.79757,8.28358,-0.03642
34,2018,10,5.13000,5.71169,0.58169,5.33169,0.20169,5.65019,0.52019
34,2018,11,3.24000,3.85193,0.61193,4.10282,0.86282,3.82141,0.58141
34,2018,12,3.17000,3.67637,0.50637,4.24499,1.07499,3.90143,0.73143
35,2018,1,8.43000,7.44509,-0.98491,6.83799,-1.59201,7.50200,-0.92800
35,2018,2,10.45000,10.09750,-0.35250,9.41056,-1.03944,10.05602,-0.39398
35,2018,3,12.14000,11.99593,-0.14407,11.82232,-0.31768,11.71119,-0.42881
35,2018,4,12.76000,12.91604,0.15604,13.03370,0.27370,12.47346,-0.28654
35,2018,5,12.89000,12.94663,0.05663,13.16688,0.27688,12.89539,0.00539
35,2018,6,11.90000,12.49106,0.59106,12.19841,0.29841,12.49890,0.59890
35,2018,7,10.50000,10.85284,0.35284,10.33058,-0.16942,11.03486,0.53486
35,2018,8,8.32000,8.43237,0.11237,7.85423,-0.46577,8.51629,0.19629
35,2018,9,5.13000,6.02283,0.89283,5.37391,0.24391,5.59549,0.46549
35,2018,10,3.24000,3.57386,0.33386,3.80136,0.56136,3.54193,0.30193
35,2018,11,3.17000,3.36178,0.19178,3.68623,0.51623,3.39446,0.22446
35,2018,12,4.53000,5.17513,0.64513,5.01176,0.48176,5.20960,0.67960
36,2018,1,10.45000,10.81647,0.36647,9.39284,-1.05716,10.12993,-0.32007
36,2018,2,12.14000,12.26063,0.12063,11.72482,-0.41518,11.68473,-0.45527
36,2018,3,12.76000,12.86660,0.10660,13.44838,0.68838,12.51858,-0.24142
36,2018,4,12.89000,12.99286,0.10286,13.37659,0.48659,12.64318,-0.24682
36,2018,5,11.90000,12.27795,0.37795,12.37609,0.47609,12.48805,0.58805
36,2018,6,10.50000,10.93167,0.43167,10.28769,-0.21231,11.14676,0.64676
36,2018,7,8.32000,8.23069,-0.08931,8.11175,-0.20825,8.73922,0.41922
36,2018,8,5.13000,5.70449,0.57449,5.78365,0.65365,5.69310,0.56310
36,2018,9,3.24000,4.11324,0.87324,4.24299,1.00299,3.55127,0.31127
36,2018,10,3.17000,3.41682,0.24682,3.70616,0.53616,3.30837,0.13837
36,2018,11,4.53000,5.29795,0.76795,4.85175,0.32175,5.11995,0.58995
36,2018,12,7.98000,8.14645,0.16645,7.13800,-0.84200,7.86315,-0.11685
37,2019,1,12.14000,12.26246,0.12246,11.82508,-0.31492,11.76250,-0.37750
37,2019,2,12.76000,12.91812,0.15812,13.22246,0.46246,12.45587,-0.30413
37,2019,3,12.89000,12.85663,-0.03337,13.83141,0.94141,12.71848,-0.17152
37,2019,4,11.90000,12.14024,0.24024,12.48267,0.58267,12.28951,0.38951
37,2019,5,10.50000,10.60296,0.10296,10.60048,0.10048,11.30220,0.80220
37,2019,6,8.32000,8.23912,-0.08088,8.11428,-0.20572,8.90286,0.58286
37,2019,7,5.13000,5.53191,0.40191,6.14860,1.01860,5.98451,0.85451
37,2019,8,3.24000,3.64874,0.40874,4.56054,1.32054,3.63584,0.39584
37,2019,9,3.17000,3.95062,0.78062,4.37562,1.20562,3.31534,0.14534
37,2019,10,4.53000,5.36820,0.83820,4.93236,0.40236,5.05405,0.52405
37,2019,11,7.98000,8.17025,0.19025,7.03712,-0.94288,7.85585,-0.12415
37,2019,12,10.52000,10.58753,0.06753,9.64563,-0.87437,10.26540,-0.25460
38,2019,1,12.76000,12.75141,-0.00859,13.33843,0.57843,12.56458,-0.19542
38,2019,2,12.89000,12.79016,-0.09984,13.46786,0.57786,12.75508,-0.13492
38,2019,3,11.90000,12.37625,0.47625,12.90722,1.00722,12.41553,0.51553
38,2019,4,10.50000,10.75538,0.25538,10.69119,0.19119,11.17386,0.67386
38,2019,5,8.32000,8.44146,0.12146,8.22436,-0.09564,9.10565,0.78565
38,2019,6,5.13000,5.74375,0.61375,6.05033,0.92033,6.15003,1.02003
38,2019,7,3.24000,3.88025,0.64025,4.89379,1.65379,3.83183,0.59183
38,2019,8,3.17000,3.72291,0.55291,4.43243,1.26243,3.32376,0.15376
38,2019,9,4.53000,5.52580,0.99580,5.43083,0.90083,5.00554,0.47554
38,2019,10,7.98000,7.78065,-0.19935,7.06640,-0.91360,7.84653,-0.13347
38,2019,11,10.52000,10.44726,-0.07274,9.52735,-0.99265,10.39813,-0.12187
38,2019,12,12.15000,12.45718,0.30718,11.77594,-0.37406,11.85995,-0.29005
39,2019,1,12.89000,12.60152,-0.28848,13.54366,0.65366,12.74250,-0.14750
39,2019,2,11.90000,12.02282,0.12282,12.45189,0.55189,12.47491,0.57491
39,2019,3,10.50000,10.66748,0.16748,10.90146,0.40146,11.27148,0.77148
39,2019,4,8.32000,8.50010,0.18010,8.23585,-0.08415,9.02125,0.70125
39,2019,5,5.13000,5.84370,0.71370,5.85035,0.72035,6.33246,1.20246
39,2019,6,3.24000,4.06855,0.82855,4.62880,1.38880,4.04573,0.80573
39,2019,7,3.17000,3.66920,0.49920,4.60414,1.43414,3.46830,0.29830
39,2019,8,4.53000,5.18678,0.65678,5.38394,0.85394,4.97273,0.44273
39,2019,9,7.98000,8.31611,0.33611,7.27310,-0.70690,7.75737,-0.22263
39,2019,10,10.52000,10.66942,0.14942,9.46701,-1.05299,10.32925,-0.19075
39,2019,11,12.15000,12.21117,0.06117,11.63053,-0.51947,11.92907,-0.22093
39,2019,12,12.95000,12.54649,-0.40351,13.03931,0.08931,12.57171,-0.37829
40,2019,1,11.90000,12.23294,0.33294,12.46387,0.56387,12.35198,0.45198
40,2019,2,10.50000,10.58971,0.08971,10.41002,-0.08998,11.22587,0.72587
40,2019,3,8.32000,8.45747,0.13747,8.31345,-0.00655,9.01545,0.69545
40,2019,4,5.13000,6.07578,0.94578,5.84159,0.71159,6.22239,1.09239
40,2019,5,3.24000,3.92137,0.68137,4.14766,0.90766,4.18416,0.94416
40,2019,6,3.17000,3.81446,0.64446,4.15582,0.98582,3.77179,0.60179
40,2019,7,4.53000,5.03286,0.50286,5.38931,0.85931,5.19157,0.66157
40,2019,8,7.98000,8.14865,0.16865,7.23648,-0.74352,7.73873,-0.24127
40,2019,9,10.52000,11.04917,0.52917,9.55465,-0.96535,10.25559,-0.26441
40,2019,10,12.15000,11.92827,-0.22173,11.59747,-0.55253,11.84231,-0.30769
40,2019,11,12.95000,12.64886,-0.30114,12.93612,-0.01388,12.56160,-0.38840
40,2019,12,13.03000,12.62580,-0.40420,13.21476,0.18476,12.71189,-0.31811
41,2019,1,10.50000,10.47476,-0.02524,10.24934,-0.25066,10.89748,0.39748
41,2019,2,8.32000,8.56026,0.24026,7.70452,-0.61548,8.78246,0.46246
41,2019,3,5.13000,6.02763,0.89763,5.84937,0.71937,6.07469,0.94469
41,2019,4,3.24000,4.08345,0.84345,4.26418,1.02418,4.03654,0.79654
41,2019,5,3.17000,3.90716,0.73716,3.80665,0.63665,3.88772,0.71772
41,2019,6,4.53000,5.44790,0.91790,5.14722,0.61722,5.54190,1.01190
41,2019,7,7.98000,8.20847,0.22847,7.39681,-0.58319,8.01798,0.03798
41,2019,8,10.52000,10.73888,0.21888,9.68666,-0.83334,10.36413,-0.15587
41,2019,9,12.15000,12.36773,0.21773,11.83395,-0.31605,11.78095,-0.36905
41,2019,10,12.95000,12.67289,-0.27711,12.93968,-0.01032,12.51098,-0.43902
41,2019,11,13.03000,12.49968,-0.53032,13.04296,0.01296,12.53466,-0.49534
41,2019,12,12.02000,11.92868,-0.09132,12.11844,0.09844,12.14639,0.12639
42,2019,1,8.32000,8.27401,-0.04599,7.69145,-0.62855,8.40244,0.08244
42,2019,2,5.13000,5.61065,0.48065,5.43193,0.30193,5.91561,0.78561
42,2019,3,3.24000,4.13694,0.89694,4.44825,1.20825,3.91019,0.67019
42,2019,4,3.17000,3.78858,0.61858,4.24211,1.07211,3.73070,0.56070
42,2019,5,4.53000,5.53903,1.00903,5.13538,0.60538,5.53071,1.00071
42,2019,6,7.98000,8.28862,0.30862,7.42125,-0.55875,8.26770,0.28770
42,2019,7,10.52000,10.74898,0.22898,10.02696,-0.49304,10.55553,0.03553
42,2019,8,12.15000,11.83024,-0.31976,12.02477,-0.12523,12.03506,-0.11494
42,2019,9,12.95000,12.89263,-0.05737,13.20350,0.25350,12.42830,-0.52170
42,2019,10,13.03000,12.49328,-0.53672,13.09431,0.06431,12.57960,-0.45040
42,2019,11,12.02000,11.84855,-0.17145,11.88919,-0.13081,11.89356,-0.12644
42,2019,12,10.51000,10.61408,0.10408,10.08690,-0.42310,10.68011,0.17011
43,2019,1,5.13000,5.87397,0.74397,5.71837,0.58837,5.50958,0.37958
43,2019,2,3.24000,4.19212,0.95212,4.41504,1.17504,3.82775,0.58775
43,2019,3,3.17000,3.71761,0.54761,4.52150,1.35150,3.69362,0.52362
43,2019,4,4.53000,5.49713,0.96713,5.58575,1.05575,5.43836,0.90836
43,2019,5,7.98000,7.99171,0.01171,7.49556,-0.48444,8.19806,0.21806
43,2019,6,10.52000,10.54356,0.02356,10.10895,-0.41105,10.73552,0.21552
43,2019,7,12.15000,11.87442,-0.27558,12.22782,0.07782,12.16374,0.01374
43,2019,8,12.95000,12.92680,-0.02320,13.32415,0.37415,12.75679,-0.19321
43,2019,9,13.03000,12.83017,-0.19983,13.19812,0.16812,12.51225,-0.51775
43,2019,10,12.02000,11.67896,-0.34104,11.99065,-0.02935,11.96362,-0.05638
43,2019,11,10.51000,10.52525,0.01525,9.88258,-0.62742,10.41082,-0.09918
43,2019,12,8.41000,8.15048,-0.25952,7.83786,-0.57214,8.28174,-0.12826
44,2019,1,3.24000,3.74911,0.50911,4.52066,1.28066,3.38717,0.14717
44,2019,2,3.17000,3.72439,0.55439,4.49676,1.32676,3.58490,0.41490
44,2019,3,4.53000,5.48183,0.95183,5.62235,1.09235,5.47933,0.94933
44,2019,4,7.98000,8.25731,0.27731,7.61990,-0.36010,8.18914,0.20914
44,2019,5,10.52000,10.47231,-0.04769,9.91126,-0.60874,10.74000,0.22000
44,2019,6,12.15000,12.47785,0.32785,12.24279,0.09279,12.37749,0.22749
44,2019,7,12.95000,12.99123,0.04123,13.33143,0.38143,12.91923,-0.03077
44,2019,8,13.03000,12.59819,-0.43181,13.28636,0.25636,12.81811,-0.21189
44,2019,9,12.02000,12.48410,0.46410,11.92613,-0.09387,11.94497,-0.07503
44,2019,10,10.51000,10.29539,-0.21461,9.87224,-0.63776,10.38173,-0.12827
44,2019,11,8.41000,7.49783,-0.91217,7.50006,-0.90994,7.92576,-0.48424
44,2019,12,5.07000,5.43247,0.36247,5.76477,0.69477,5.47192,0.40192
45,2019,1,3.17000,3.07296,-0.09704,4.22188,1.05188,3.33653,0.16653
45,2019,2,4.53000,5.06270,0.53270,5.51338,0.98338,5.42701,0.89701
45,2019,3,7.98000,8.10239,0.12239,7.55291,-0.42709,8.24902,0.26902
45,2019,4,10.52000,10.78415,0.26415,9.97857,-0.54143,10.67819,0.15819
45,2019,5,12.15000,12.53191,0.38191,11.95020,-0.19980,12.37042,0.22042
45,2019,6,12.95000,12.89915,-0.05085,13.40583,0.45583,13.13761,0.18761
45,2019,7,13.03000,12.81587,-0.21413,13.27345,0.24345,13.01961,-0.01039
45,2019,8,12.02000,11.88671,-0.13329,12.04560,0.02560,12.19685,0.17685
45,2019,9,10.51000,10.60119,0.09119,9.67737,-0.83263,10.35694,-0.15306
45,2019,10,8.41000,7.41902,-0.99098,7.22672,-1.18328,7.85061,-0.55939
45,2019,11,5.07000,5.23896,0.16896,5.18718,0.11718,5.12731,0.05731
45,2019,12,3.10000,3.70032,0.60032,4.27653,1.17653,3.60806,0.50806
46,2019,1,4.53000,4.95197,0.42197,5.13176,0.60176,5.28560,0.75560
46,2019,2,7.98000,7.85583,-0.12417,7.43163,-0.54837,8.20378,0.22378
46,2019,3,10.52000,10.85380,0.33380,10.01954,-0.50046,10.63524,0.11524
46,2019,4,12.15000,12.45834,0.30834,12.09504,-0.05496,12.13178,-0.01822
46,2019,5,12.95000,13.00014,0.05014,13.18389,0.23389,13.02277,0.07277
46,2019,6,13.03000,13.01562,-0.01438,13.31749,0.28749,13.17601,0.14601
46,2019,7,12.02000,11.85073,-0.16927,12.05078,0.03078,12.39667,0.37667
46,2019,8,10.51000,10.38705,-0.12295,9.86490,-0.64510,10.59507,0.08507
46,2019,9,8.41000,8.12524,-0.28476,7.04618,-1.36382,7.76627,-0.64373
46,2019,10,5.07000,5.31898,0.24898,4.80812,-0.26188,4.96912,-0.10088
46,2019,11,3.10000,3.37101,0.27101,3.66299,0.56299,3.24544,0.14544
46,2019,12,2.83000,3.18675,0.35675,3.98665,1.15665,3.66544,0.83544
47,2019,1,7.98000,7.72544,-0.25456,7.07912,-0.90088,7.86814,-0.11186
47,2019,2,10.52000,10.61470,0.09470,9.78076,-0.73924,10.41142,-0.10858
47,2019,3,12.15000,12.41258,0.26258,12.24417,0.09417,11.97911,-0.17089
47,2019,4,12.95000,13.33225,0.38225,13.31611,0.36611,12.70126,-0.24874
47,2019,5,13.03000,13.07133,0.04133,13.25290,0.22290,13.11377,0.08377
47,2019,6,12.02000,12.28507,0.26507,12.02501,0.00501,12.59841,0.57841
47,2019,7,10.51000,10.42538,-0.08462,9.97683,-0.53317,10.83886,0.32886
47,2019,8,8.41000,7.91782,-0.49218,7.35969,-1.05031,7.96992,-0.44008
47,2019,9,5.07000,5.54416,0.47416,4.87912,-0.19088,4.87224,-0.19776
47,2019,10,3.10000,2.99363,-0.10637,3.37823,0.27823,2.89717,-0.20283
47,2019,11,2.83000,3.05630,0.22630,3.48261,0.65261,3.13406,0.30406
47,2019,12,4.11000,5.19076,1.08076,5.05653,0.94653,5.34953,1.23953
48,2019,1,10.52000,10.69413,0.17413,9.61751,-0.90249,10.29053,-0.22947
48,2019,2,12.15000,12.47336,0.32336,11.98786,-0.16214,11.80332,-0.34668
48,2019,3,12.95000,13.33645,0.38645,13.68252,0.73252,12.61763,-0.33237
48,2019,4,13.03000,13.11514,0.08514,13.47019,0.44019,12.80915,-0.22085
48,2019,5,12.02000,12.21487,0.19487,12.27755,0.25755,12.68179,0.66179
48,2019,6,10.51000,10.56625,0.05625,9.99970,-0.51030,11.16341,0.65341
48,2019,7,8.41000,7.91529,-0.49471,7.71978,-0.69022,8.37504,-0.03496
48,2019,8,5.07000,5.07555,0.00555,5.32660,0.25660,5.03817,-0.03183
48,2019,9,3.10000,3.60892,0.50892,3.87035,0.77035,2.86652,-0.23348
48,2019,10,2.83000,3.08213,0.25213,3.40801,0.57801,2.82421,-0.00579
48,2019,11,4.11000,4.99613,0.88613,4.77239,0.66239,4.99538,0.88538
48,2019,12,7.53000,8.14226,0.61226,7.22830,-0.30170,7.96699,0.43699
49,2020,1,12.15000,12.47399,0.32399,12.04689,-0.10311,11.86238,-0.28762
49,2020,2,12.95000,13.19582,0.24582,13.39696,0.44696,12.51139,-0.43861
49,2020,3,13.03000,13.01119,-0.01881,13.92625,0.89625,12.79019,-0.23981
49,2020,4,12.02000,12.10140,0.08140,12.44038,0.42038,12.43558,0.41558
49,2020,5,10.51000,10.31835,-0.19165,10.33653,-0.17347,11.39271,0.88271
49,2020,6,8.41000,7.83100,-0.57900,7.69264,-0.71736,8.72684,0.31684
49,2020,7,5.07000,4.97670,-0.09330,5.73832,0.66832,5.43351,0.36351
49,2020,8,3.10000,3.18513,0.08513,4.16469,1.06469,2.93421,-0.16579
49,2020,9,2.83000,3.55667,0.72667,4.10628,1.27628,2.74928,-0.08072
49,2020,10,4.11000,5.00605,0.89605,4.77819,0.66819,4.80717,0.69717
49,2020,11,7.53000,8.10470,0.57470,7.09106,-0.43894,7.88777,0.35777
49,2020,12,10.16000,10.67562,0.51562,9.80350,-0.35650,10.38677,0.22677
50,2020,1,12.95000,13.06676,0.11676,13.51548,0.56548,12.57462,-0.37538
50,2020,2,13.03000,13.02357,-0.00643,13.53968,0.50968,12.76876,-0.26124
50,2020,3,12.02000,12.23035,0.21035,12.86998,0.84998,12.44713,0.42713
50,2020,4,10.51000,10.52799,0.01799,10.50388,-0.00612,11.22748,0.71748
50,2020,5,8.41000,7.83634,-0.57366,7.88321,-0.52679,9.01556,0.60556
50,2020,6,5.07000,5.30228,0.23228,5.63822,0.56822,5.80161,0.73161
50,2020,7,3.10000,3.32356,0.22356,4.55248,1.45248,3.23989,0.13989
50,2020,8,2.83000,3.40809,0.57809,4.16822,1.33822,2.77285,-0.05715
50,2020,9,4.11000,5.48925,1.37925,5.30965,1.19965,4.68749,0.57749
50,2020,10,7.53000,7.69137,0.16137,7.05052,-0.47948,7.79481,0.26481
50,2020,11,10.16000,10.34639,0.18639,9.66540,-0.49460,10.46346,0.30346
50,2020,12,11.75000,12.42268,0.67268,11.94904,0.19904,11.91128,0.16128
51,2020,1,13.03000,12.76566,-0.26434,13.66339,0.63339,12.76379,-0.26621
51,2020,2,12.02000,11.97566,-0.04434,12.42535,0.40535,12.48914,0.46914
51,2020,3,10.51000,10.42256,-0.08744,10.75053,0.24053,11.24234,0.73234
51,2020,4,8.41000,8.08584,-0.32416,7.96574,-0.44426,8.90687,0.49687
51,2020,5,5.07000,5.37802,0.30802,5.47824,0.40824,6.04510,0.97510
51,2020,6,3.10000,3.62988,0.52988,4.24634,1.14634,3.61886,0.51886
51,2020,7,2.83000,3.40164,0.57164,4.35696,1.52696,3.00375,0.17375
51,2020,8,4.11000,4.97328,0.86328,5.26087,1.15087,4.66945,0.55945
51,2020,9,7.53000,8.28625,0.75625,7.27783,-0.25217,7.67089,0.14089
51,2020,10,10.16000,10.39856,0.23856,9.59052,-0.56948,10.38212,0.22212
51,2020,11,11.75000,12.18162,0.43162,11.83693,0.08693,11.99435,0.24435
51,2020,12,12.76000,12.92134,0.16134,13.21879,0.45879,12.60933,-0.15067
52,2020,1,12.02000,12.05215,0.03215,12.47702,0.45702,12.38967,0.36967
52,2020,2,10.51000,10.22779,-0.28221,10.25092,-0.25908,11.18936,0.67936
52,2020,3,8.41000,8.03030,-0.37970,8.04578,-0.36422,8.84782,0.43782
52,2020,4,5.07000,5.46251,0.39251,5.49250,0.42250,5.91664,0.84664
52,2020,5,3.10000,3.54013,0.44013,3.78489,0.68489,3.78982,0.68982
52,2020,6,2.83000,3.46563,0.63563,3.87067,1.04067,3.41494,0.58494
52,2020,7,4.11000,4.82852,0.71852,5.27643,1.16643,4.94740,0.83740
52,2020,8,7.53000,7.88421,0.35421,7.26488,-0.26512,7.66363,0.13363
52,2020,9,10.16000,10.89660,0.73660,9.71719,-0.44281,10.29968,0.13968
52,2020,10,11.75000,12.09912,0.34912,11.81224,0.06224,11.92237,0.17237
52,2020,11,12.76000,13.00021,0.24021,13.15743,0.39743,12.62297,-0.13703
52,2020,12,12.99000,12.75375,-0.23625,13.34868,0.35868,12.76566,-0.22434
53,2020,1,10.51000,10.35812,-0.15188,10.16313,-0.34687,10.94819,0.43819
53,2020,2,8.41000,8.07125,-0.33875,7.43496,-0.97504,8.68039,0.27039
53,2020,3,5.07000,5.48696,0.41696,5.50006,0.43006,5.77208,0.70208
53,2020,4,3.10000,3.68498,0.58498,3.89996,0.79996,3.62041,0.52041
53,2020,5,2.83000,3.54293,0.71293,3.47757,0.64757,3.49986,0.66986
53,2020,6,4.11000,5.27759,1.16759,4.93307,0.82307,5.30929,1.19929
53,2020,7,7.53000,7.86816,0.33816,7.38514,-0.14486,7.93225,0.40225
53,2020,8,10.16000,10.65424,0.49424,9.82507,-0.33493,10.39990,0.23990
53,2020,9,11.75000,12.49964,0.74964,12.07584,0.32584,11.85786,0.10786
53,2020,10,12.76000,12.82989,0.06989,13.18392,0.42392,12.61158,-0.14842
53,2020,11,12.99000,12.73363,-0.25637,13.24381,0.25381,12.62766,-0.36234
53,2020,12,12.18000,11.97625,-0.20375,12.18430,0.00430,12.24719,0.06719
54,2020,1,8.41000,8.02602,-0.38398,7.52323,-0.88677,8.34686,-0.06314
54,2020,2,5.07000,5.27375,0.20375,5.10836,0.03836,5.65967,0.58967
54,2020,3,3.10000,3.69051,0.59051,4.10845,1.00845,3.46996,0.36996
54,2020,4,2.83000,3.56262,0.73262,3.93984,1.10984,3.30022,0.47022
54,2020,5,4.11000,5.32133,1.21133,4.91244,0.80244,5.26309,1.15309
54,2020,6,7.53000,8.13832,0.60832,7.34158,-0.18842,8.21616,0.68616
54,2020,7,10.16000,10.60465,0.44465,10.12784,-0.03216,10.60810,0.44810
54,2020,8,11.75000,11.95370,0.20370,12.22439,0.47439,12.13597,0.38597
54,2020,9,12.76000,13.18993,0.42993,13.45097,0.69097,12.51477,-0.24523
54,2020,10,12.99000,12.68303,-0.30697,13.30591,0.31591,12.69296,-0.29704
54,2020,11,12.18000,11.93692,-0.24308,12.00848,-0.17152,11.99085,-0.18915
54,2020,12,10.86000,10.51707,-0.34293,10.06295,-0.79705,10.75242,-0.10758
55,2020,1,5.07000,5.63724,0.56724,5.56498,0.49498,5.35262,0.28262
55,2020,2,3.10000,3.72053,0.62053,4.15433,1.05433,3.48634,0.38634
55,2020,3,2.83000,3.48629,0.65629,4.25870,1.42870,3.27265,0.44265
55,2020,4,4.11000,5.24064,1.13064,5.37563,1.26563,5.13721,1.02721
55,2020,5,7.53000,7.86149,0.33149,7.35958,-0.17042,8.09113,0.56113
55,2020,6,10.16000,10.43734,0.27734,10.08189,-0.07811,10.79788,0.63788
55,2020,7,11.75000,11.86085,0.11085,12.33915,0.58915,12.26524,0.51524
55,2020,8,12.76000,12.91335,0.15335,13.51240,0.75240,12.86016,0.10016
55,2020,9,12.99000,13.08382,0.09382,13.39100,0.40100,12.60973,-0.38027
55,2020,10,12.18000,11.86742,-0.31258,12.15319,-0.02681,12.09336,-0.08664
55,2020,11,10.86000,10.63173,-0.22827,9.95545,-0.90455,10.51419,-0.34581
55,2020,12,8.39000,8.10324,-0.28676,7.79572,-0.59428,8.30408,-0.08592
56,2020,1,3.10000,3.46390,0.36390,4.38161,1.28161,3.14484,0.04484
56,2020,2,2.83000,3.47474,0.64474,4.28656,1.45656,3.25794,0.42794
56,2020,3,4.11000,5.26550,1.15550,5.42025,1.31025,5.20078,1.09078
56,2020,4,7.53000,8.01660,0.48660,7.46608,-0.06392,8.06865,0.53865
56,2020,5,10.16000,10.41360,0.25360,9.83608,-0.32392,10.76661,0.60661
56,2020,6,11.75000,12.34834,0.59834,12.26805,0.51805,12.49007,0.74007
56,2020,7,12.76000,12.95803,0.19803,13.44748,0.68748,13.03190,0.27190
56,2020,8,12.99000,12.85713,-0.13287,13.44732,0.45732,12.92635,-0.06365
56,2020,9,12.18000,12.50411,0.32411,12.08447,-0.09553,12.06575,-0.11425
56,2020,10,10.86000,10.39408,-0.46592,9.98743,-0.87257,10.49930,-0.36070
56,2020,11,8.39000,7.70247,-0.68753,7.53216,-0.85784,7.97504,-0.41496
56,2020,12,5.53000,5.30377,-0.22623,5.70758,0.17758,5.39274,-0.13726
57,2020,1,2.83000,2.92845,0.09845,4.08109,1.25109,3.11089,0.28089
57,2020,2,4.11000,4.84578,0.73578,5.34670,1.23670,5.22491,1.11491
57,2020,3,7.53000,7.98480,0.45480,7.40583,-0.12417,8.14546,0.61546
57,2020,4,10.16000,10.73741,0.57741,9.89701,-0.26299,10.69230,0.53230
57,2020,5,11.75000,12.55150,0.80150,11.93357,0.18357,12.45933,0.70933
57,2020,6,12.76000,13.16654,0.40654,13.46262,0.70262,13.25954,0.49954
57,2020,7,12.99000,13.04558,0.05558,13.38101,0.39101,13.13597,0.14597
57,2020,8,12.18000,11.98125,-0.19875,12.17238,-0.00762,12.30990,0.12990
57,2020,9,10.86000,10.70442,-0.15558,9.77496,-1.08504,10.45994,-0.40006
57,2020,10,8.39000,7.53189,-0.85811,7.27193,-1.11807,7.90301,-0.48699
57,2020,11,5.53000,5.06079,-0.46921,5.16357,-0.36643,5.07789,-0.45211
57,2020,12,3.78000,3.56627,-0.21373,4.18349,0.40349,3.45361,-0.32639
58,2020,1,4.11000,4.60416,0.49416,4.94437,0.83437,5.06589,0.95589
58,2020,2,7.53000,7.63346,0.10346,7.26752,-0.26248,8.08640,0.55640
58,2020,3,10.16000,10.70074,0.54074,9.92247,-0.23753,10.62236,0.46236
58,2020,4,11.75000,12.56024,0.81024,12.08794,0.33794,12.21055,0.46055
58,2020,5,12.76000,13.22084,0.46084,13.24398,0.48398,13.15713,0.39713
58,2020,6,12.99000,13.14322,0.15322,13.44071,0.45071,13.34572,0.35572
58,2020,7,12.18000,11.97736,-0.20264,12.18001,0.00001,12.55835,0.37835
58,2020,8,10.86000,10.41071,-0.44929,9.96474,-0.89526,10.72748,-0.13252
58,2020,9,8.39000,8.15469,-0.23531,7.07369,-1.31631,7.81693,-0.57307
58,2020,10,5.53000,5.13717,-0.39283,4.75330,-0.77670,4.89406,-0.63594
58,2020,11,3.78000,3.26656,-0.51344,3.53473,-0.24527,3.04673,-0.73327
58,2020,12,3.47000,2.97178,-0.49822,3.81041,0.34041,3.42134,-0.04866
59,2020,1,7.53000,7.41590,-0.11410,6.85872,-0.67128,7.69317,0.16317
59,2020,2,10.16000,10.49460,0.33460,9.64083,-0.51917,10.35810,0.19810
59,2020,3,11.75000,12.56658,0.81658,12.21674,0.46674,12.00725,0.25725
59,2020,4,12.76000,13.51344,0.75344,13.39812,0.63812,12.81204,0.05204
59,2020,5,12.99000,13.19453,0.20453,13.38554,0.39554,13.29788,0.30788
59,2020,6,12.18000,12.42733,0.24733,12.18070,0.00070,12.83756,0.65756
59,2020,7,10.86000,10.48202,-0.37798,10.10153,-0.75847,11.04441,0.18441
59,2020,8,8.39000,7.98793,-0.40207,7.40871,-0.98129,8.06963,-0.32037
59,2020,9,5.53000,5.52987,-0.00013,4.80475,-0.72525,4.79554,-0.73446
59,2020,10,3.78000,2.88294,-0.89706,3.20864,-0.57136,2.63908,-1.14092
59,2020,11,3.47000,2.67847,-0.79153,3.24858,-0.22142,2.79986,-0.67014
59,2020,12,5.43000,4.76594,-0.66406,4.80815,-0.62185,5.07048,-0.35952
60,2020,1,10.16000,10.49933,0.33933,9.43761,-0.72239,10.18402,0.02402
60,2020,2,11.75000,12.54961,0.79961,11.92185,0.17185,11.78336,0.03336
60,2020,3,12.76000,13.47636,0.71636,13.73050,0.97050,12.65771,-0.10229
60,2020,4,12.99000,13.32764,0.33764,13.59400,0.60400,12.95144,-0.03856
60,2020,5,12.18000,12.39117,0.21117,12.41321,0.23321,12.93033,0.75033
60,2020,6,10.86000,10.67989,-0.18011,10.10231,-0.75769,11.44665,0.58665
60,2020,7,8.39000,8.01138,-0.37862,7.75913,-0.63087,8.53069,0.14069
60,2020,8,5.53000,5.03543,-0.49457,5.25916,-0.27084,4.97517,-0.55483
60,2020,9,3.78000,3.44373,-0.33627,3.69208,-0.08792,2.57674,-1.20326
60,2020,10,3.47000,2.66058,-0.80942,3.13892,-0.33108,2.39487,-1.07513
60,2020,11,5.43000,4.56485,-0.86515,4.49268,-0.93732,4.61558,-0.81442
60,2020,12,8.57000,7.82648,-0.74352,6.98436,-1.58564,7.73479,-0.83521
61,2021,1,11.75000,12.39125,0.64125,11.91510,0.16510,11.77984,0.02984
61,2021,2,12.76000,13.29282,0.53282,13.39835,0.63835,12.48269,-0.27731
61,2021,3,12.99000,13.23219,0.24219,14.03965,1.04965,12.83857,-0.15143
61,2021,4,12.18000,12.27191,0.09191,12.61196,0.43196,12.62888,0.44888
61,2021,5,10.86000,10.42688,-0.43312,10.49318,-0.36682,11.70996,0.84996
61,2021,6,8.39000,7.93115,-0.45885,7.76263,-0.62737,9.01862,0.62862
61,2021,7,5.53000,4.97915,-0.55085,5.72339,0.19339,5.48678,-0.04322
61,2021,8,3.78000,2.99207,-0.78793,4.02286,0.24286,2.68543,-1.09457
61,2021,9,3.47000,3.24584,-0.22416,3.86468,0.39468,2.28286,-1.18714
61,2021,10,5.43000,4.56547,-0.86453,4.44695,-0.98305,4.30365,-1.12635
61,2021,11,8.57000,7.64314,-0.92686,6.79311,-1.77689,7.52877,-1.04123
61,2021,12,10.74000,10.41413,-0.32587,9.57722,-1.16278,10.20006,-0.53994
62,2021,1,12.76000,12.97275,0.21275,13.45327,0.69327,12.46220,-0.29780
62,2021,2,12.99000,13.16214,0.17214,13.60231,0.61231,12.73173,-0.25827
62,2021,3,12.18000,12.37267,0.19267,13.03252,0.85252,12.53645,0.35645
62,2021,4,10.86000,10.69207,-0.16793,10.69544,-0.16456,11.50043,0.64043
62,2021,5,8.39000,7.93503,-0.45497,8.02177,-0.36823,9.36625,0.97625
62,2021,6,5.53000,5.31169,-0.21831,5.65820,0.12820,5.99822,0.46822
62,2021,7,3.78000,3.21167,-0.56833,4.47173,0.69173,3.07995,-0.70005
62,2021,8,3.47000,3.10295,-0.36705,3.94931,0.47931,2.31888,-1.15112
62,2021,9,5.43000,5.07227,-0.35773,5.01948,-0.41052,4.11753,-1.31247
62,2021,10,8.57000,7.16237,-1.40763,6.68815,-1.88185,7.31964,-1.25036
62,2021,11,10.74000,9.94945,-0.79055,9.38288,-1.35712,10.16212,-0.57788
62,2021,12,12.26000,12.22676,-0.03324,11.76385,-0.49615,11.73680,-0.52320
63,2021,1,12.99000,12.79958,-0.19042,13.70555,0.71555,12.66693,-0.32307
63,2021,2,12.18000,12.09357,-0.08643,12.57108,0.39108,12.52160,0.34160
63,2021,3,10.86000,10.58949,-0.27051,10.96584,0.10584,11.43362,0.57362
63,2021,4,8.39000,8.23625,-0.15375,8.17222,-0.21778,9.23609,0.84609
63,2021,5,5.53000,5.37346,-0.15654,5.57721,0.04721,6.30965,0.77965
63,2021,6,3.78000,3.57518,-0.20482,4.19098,0.41098,3.59219,-0.18781
63,2021,7,3.47000,3.13220,-0.33780,4.20004,0.73004,2.60382,-0.86618
63,2021,8,5.43000,4.52954,-0.90046,4.98034,-0.44966,4.09659,-1.33341
63,2021,9,8.57000,7.90731,-0.66269,6.94745,-1.62255,7.13863,-1.43137
63,2021,10,10.74000,9.95143,-0.78857,9.25047,-1.48953,10.02661,-0.71339
63,2021,11,12.26000,11.81597,-0.44403,11.61735,-0.64265,11.77315,-0.48685
63,2021,12,12.90000,12.81198,-0.08802,13.11971,0.21971,12.45717,-0.44283
64,2021,1,12.18000,12.14948,-0.03052,12.64413,0.46413,12.38982,0.20982
64,2021,2,10.86000,10.38353,-0.47647,10.47306,-0.38694,11.36279,0.50279
64,2021,3,8.39000,8.11041,-0.27959,8.27146,-0.11854,9.14756,0.75756
64,2021,4,5.53000,5.50538,-0.02462,5.63361,0.10361,6.19023,0.66023
64,2021,5,3.78000,3.40966,-0.37034,3.77723,-0.00277,3.81916,0.03916
64,2021,6,3.47000,3.17144,-0.29856,3.70762,0.23762,3.10767,-0.36233
64,2021,7,5.43000,4.37033,-1.05967,5.02611,-0.40389,4.39393,-1.03607
64,2021,8,8.57000,7.42607,-1.14393,6.94118,-1.62882,7.11395,-1.45605
64,2021,9,10.74000,10.55280,-0.18720,9.39810,-1.34190,9.91440,-0.82560
64,2021,10,12.26000,11.72743,-0.53257,11.56425,-0.69575,11.68598,-0.57402
64,2021,11,12.90000,12.86929,-0.03071,13.05946,0.15946,12.46654,-0.43346
64,2021,12,12.80000,12.74257,-0.05743,13.38330,0.58330,12.66472,-0.13528
65,2021,1,10.86000,10.55896,-0.30104,10.42498,-0.43502,11.14786,0.28786
65,2021,2,8.39000,8.19099,-0.19901,7.66940,-0.72060,8.99399,0.60399
65,2021,3,5.53000,5.55472,0.02472,5.65015,0.12015,6.06099,0.53099
65,2021,4,3.78000,3.56797,-0.21203,3.89845,0.11845,3.67289,-0.10711
65,2021,5,3.47000,3.24378,-0.22622,3.30115,-0.16885,3.22575,-0.24425
65,2021,6,5.43000,4.89658,-0.53342,4.62846,-0.80154,4.80378,-0.62622
65,2021,7,8.57000,7.38505,-1.18495,7.05034,-1.51966,7.38805,-1.18195
65,2021,8,10.74000,10.23854,-0.50146,9.50998,-1.23002,9.98432,-0.75568
65,2021,9,12.26000,12.24499,-0.01501,11.84579,-0.41421,11.62725,-0.63275
65,2021,10,12.90000,12.65368,-0.24632,13.09172,0.19172,12.47316,-0.42684
65,2021,11,12.80000,12.71285,-0.08715,13.31669,0.51669,12.56930,-0.23070
65,2021,12,12.46000,12.12771,-0.33229,12.36648,-0.09352,12.29072,-0.16928
66,2021,1,8.39000,8.25675,-0.13325,7.80352,-0.58648,8.76207,0.37207
66,2021,2,5.53000,5.33159,-0.19841,5.25346,-0.27654,6.00831,0.47831
66,2021,3,3.78000,3.56263,-0.21737,4.11346,0.33346,3.55480,-0.22520
66,2021,4,3.47000,3.27259,-0.19741,3.75659,0.28659,3.02714,-0.44286
66,2021,5,5.43000,4.95851,-0.47149,4.56826,-0.86174,4.74890,-0.68110
66,2021,6,8.57000,7.69049,-0.87951,6.93455,-1.63545,7.67392,-0.89608
66,2021,7,10.74000,10.14418,-0.59582,9.78543,-0.95457,10.19441,-0.54559
66,2021,8,12.26000,11.59169,-0.66831,11.99551,-0.26449,11.88820,-0.37180
66,2021,9,12.90000,13.01383,0.11383,13.39692,0.49692,12.40111,-0.49889
66,2021,10,12.80000,12.66414,-0.13586,13.40835,0.60835,12.67864,-0.12136
66,2021,11,12.46000,12.19923,-0.26077,12.25545,-0.20455,12.10330,-0.35670
66,2021,12,11.10000,10.83014,-0.26986,10.35877,-0.74123,11.02842,-0.07158
67,2021,1,5.53000,5.53661,0.00661,5.68480,0.15480,5.63005,0.10005
67,2021,2,3.78000,3.50900,-0.27100,4.08828,0.30828,3.54253,-0.23747
67,2021,3,3.47000,3.21580,-0.25420,4.06318,0.59318,2.96773,-0.50227
67,2021,4,5.43000,4.86656,-0.56344,5.05632,-0.37368,4.60378,-0.82622
67,2021,5,8.57000,7.44222,-1.12778,6.97549,-1.59451,7.56110,-1.00890
67,2021,6,10.74000,10.04081,-0.69919,9.75435,-0.98565,10.43843,-0.30157
67,2021,7,12.26000,11.53159,-0.72841,12.15043,-0.10957,12.06032,-0.19968
67,2021,8,12.90000,12.70036,-0.19964,13.46517,0.56517,12.78319,-0.11681
67,2021,9,12.80000,13.12222,0.32222,13.51588,0.71588,12.59386,-0.20614
67,2021,10,12.46000,12.07305,-0.38695,12.37353,-0.08647,12.17929,-0.28071
67,2021,11,11.10000,10.85119,-0.24881,10.22564,-0.87436,10.70835,-0.39165
67,2021,12,8.61000,8.21986,-0.39014,8.02132,-0.58868,8.60774,-0.00226
68,2021,1,3.78000,3.59755,-0.18245,4.42422,0.64422,3.26524,-0.51476
68,2021,2,3.47000,3.27992,-0.19008,4.13833,0.66833,3.04980,-0.42020
68,2021,3,5.43000,4.92387,-0.50613,5.14918,-0.28082,4.72576,-0.70424
68,2021,4,8.57000,7.65992,-0.91008,7.12838,-1.44162,7.54632,-1.02368
68,2021,5,10.74000,10.03255,-0.70745,9.47869,-1.26131,10.36376,-0.37624
68,2021,6,12.26000,12.06547,-0.19453,11.99518,-0.26482,12.26360,0.00360
68,2021,7,12.90000,12.67117,-0.22883,13.37305,0.47305,12.91808,0.01808
68,2021,8,12.80000,12.85700,0.05700,13.54077,0.74077,12.89774,0.09774
68,2021,9,12.46000,12.70937,0.24937,12.31047,-0.14953,12.13848,-0.32152
68,2021,10,11.10000,10.55621,-0.54379,10.30071,-0.79929,10.72598,-0.37402
68,2021,11,8.61000,7.97926,-0.63074,7.83180,-0.77820,8.31483,-0.29517
68,2021,12,5.89000,5.55094,-0.33906,5.91080,0.02080,5.71347,-0.17653
69,2021,1,3.47000,3.20544,-0.26456,4.13375,0.66375,3.11471,-0.35529
69,2021,2,5.43000,4.67757,-0.75243,5.20418,-0.22582,4.90569,-0.52431
69,2021,3,8.57000,7.55007,-1.01993,7.13415,-1.43585,7.70978,-0.86022
69,2021,4,10.74000,10.25731,-0.48269,9.55731,-1.18269,10.30488,-0.43512
69,2021,5,12.26000,12.13020,-0.12980,11.65301,-0.60699,12.17293,-0.08707
69,2021,6,12.90000,12.86695,-0.03305,13.30493,0.40493,13.06906,0.16906
69,2021,7,12.80000,12.78826,-0.01174,13.41914,0.61914,13.04982,0.24982
69,2021,8,12.46000,12.05053,-0.40947,12.39031,-0.06969,12.34492,-0.11508
69,2021,9,11.10000,10.98507,-0.11493,10.13785,-0.96215,10.69402,-0.40598
69,2021,10,8.61000,7.98528,-0.62472,7.68969,-0.92031,8.33212,-0.27788
69,2021,11,5.89000,5.62909,-0.26091,5.52451,-0.36549,5.56085,-0.32915
69,2021,12,4.03000,3.83382,-0.19618,4.42076,0.39076,3.75986,-0.27014
70,2021,1,5.43000,4.75792,-0.67208,5.00656,-0.42344,5.01935,-0.41065
70,2021,2,8.57000,7.33391,-1.23609,7.14062,-1.42938,7.81335,-0.75665
70,2021,3,10.74000,10.31710,-0.42290,9.65584,-1.08416,10.31958,-0.42042
70,2021,4,12.26000,12.08659,-0.17341,11.79003,-0.46997,11.93950,-0.32050
70,2021,5,12.90000,12.97335,0.07335,13.05560,0.15560,12.90468,0.00468
70,2021,6,12.80000,12.95317,0.15317,13.40223,0.60223,13.13209,0.33209
70,2021,7,12.46000,11.95189,-0.50811,12.31459,-0.14541,12.50022,0.04022
70,2021,8,11.10000,10.62026,-0.47974,10.28636,-0.81364,10.89327,-0.20673
70,2021,9,8.61000,8.42502,-0.18498,7.52269,-1.08731,8.24795,-0.36205
70,2021,10,5.89000,5.61595,-0.27405,5.24668,-0.64332,5.51339,-0.37661
70,2021,11,4.03000,3.89452,-0.13548,3.93675,-0.09325,3.59246,-0.43754
70,2021,12,3.47000,3.50052,0.03052,4.05306,0.58306,3.67759,0.20759
71,2021,1,8.57000,7.85924,-0.71076,7.05907,-1.51093,7.87095,-0.69905
71,2021,2,10.74000,10.28881,-0.45119,9.64230,-1.09770,10.32531,-0.41469
71,2021,3,12.26000,12.18950,-0.07050,12.05231,-0.20769,11.89723,-0.36277
71,2021,4,12.90000,13.10415,0.20415,13.17667,0.27667,12.59042,-0.30958
71,2021,5,12.80000,13.11662,0.31662,13.25201,0.45201,12.95055,0.15055
71,2021,6,12.46000,12.39925,-0.06075,12.16948,-0.29052,12.48741,0.02741
71,2021,7,11.10000,10.47413,-0.62587,10.25439,-0.84561,10.96830,-0.13170
71,2021,8,8.61000,8.17554,-0.43446,7.76232,-0.84768,8.34790,-0.26210
71,2021,9,5.89000,5.80789,-0.08211,5.30341,-0.58659,5.42029,-0.46971
71,2021,10,4.03000,3.69975,-0.33025,3.81289,-0.21711,3.50371,-0.52629
71,2021,11,3.47000,3.74025,0.27025,3.76804,0.29804,3.54048,0.07048
71,2021,12,5.25000,5.51155,0.26155,5.18561,-0.06439,5.50405,0.25405
72,2021,1,10.74000,10.83322,0.09322,9.71259,-1.02741,10.42791,-0.31209
72,2021,2,12.26000,12.27522,0.01522,11.96175,-0.29825,11.86733,-0.39267
72,2021,3,12.90000,13.06739,0.16739,13.56894,0.66894,12.62394,-0.27606
72,2021,4,12.80000,13.03397,0.23397,13.34042,0.54042,12.68804,-0.11196
72,2021,5,12.46000,12.28295,-0.17705,12.27463,-0.18537,12.45994,-0.00006
72,2021,6,11.10000,10.58322,-0.51678,10.13608,-0.96392,11.00329,-0.09671
72,2021,7,8.61000,7.91827,-0.69173,7.93094,-0.67906,8.50808,-0.10192
72,2021,8,5.89000,5.33877,-0.55123,5.66745,-0.22255,5.47365,-0.41635
72,2021,9,4.03000,4.05501,0.02501,4.27806,0.24806,3.49537,-0.53463
72,2021,10,3.47000,3.85693,0.38693,3.85355,0.38355,3.48703,0.01703
72,2021,11,5.25000,5.81570,0.56570,5.10280,-0.14720,5.47096,0.22096
72,2021,12,8.52000,8.42164,-0.09836,7.44436,-1.07564,8.22862,-0.29138
73,2022,1,12.26000,12.36319,0.10319,12.06464,-0.19536,11.96532,-0.29468
73,2022,2,12.90000,13.07175,0.17175,13.31595,0.41595,12.58268,-0.31732
73,2022,3,12.80000,13.08820,0.28820,13.77607,0.97607,12.77822,-0.02178
73,2022,4,12.46000,12.17844,-0.28156,12.32334,-0.13666,12.26476,-0.19524
73,2022,5,11.10000,10.48776,-0.61224,10.34654,-0.75346,11.14705,0.04705
73,2022,6,8.61000,7.93582,-0.67418,7.87039,-0.73961,8.62814,0.01814
73,2022,7,5.89000,5.30808,-0.58192,5.98194,0.09194,5.70663,-0.18337
73,2022,8,4.03000,3.78208,-0.24792,4.52188,0.49188,3.52900,-0.50100
73,2022,9,3.47000,4.09856,0.62856,4.48641,1.01641,3.46522,-0.00478
73,2022,10,5.25000,5.70019,0.45019,5.19773,-0.05227,5.41468,0.16468
73,2022,11,8.52000,8.50155,-0.01845,7.36039,-1.15961,8.25746,-0.26254
73,2022,12,10.27000,10.90095,0.63095,9.94376,-0.32624,10.57178,0.30178
74,2022,1,12.90000,12.93521,0.03521,13.42626,0.52626,12.66366,-0.23634
74,2022,2,12.80000,12.96847,0.16847,13.40012,0.60012,12.81433,0.01433
74,2022,3,12.46000,12.30623,-0.15377,12.69836,0.23836,12.38652,-0.07348
74,2022,4,11.10000,10.61114,-0.48886,10.39972,-0.70028,11.02450,-0.07550
74,2022,5,8.61000,8.09950,-0.51050,7.91907,-0.69093,8.82996,0.21996
74,2022,6,5.89000,5.59017,-0.29983,5.84839,-0.04161,5.86739,-0.02261
74,2022,7,4.03000,3.89903,-0.13097,4.81651,0.78651,3.69681,-0.33319
74,2022,8,3.47000,3.92212,0.45212,4.51316,1.04316,3.44905,-0.02095
74,2022,9,5.25000,5.98885,0.73885,5.64740,0.39740,5.33813,0.08813
74,2022,10,8.52000,8.33286,-0.18714,7.37212,-1.14788,8.22753,-0.29247
74,2022,11,10.27000,10.67569,0.40569,9.82149,-0.44851,10.68962,0.41962
74,2022,12,11.88000,12.39563,0.51563,11.98256,0.10256,12.03607,0.15607
75,2022,1,12.80000,12.79944,-0.00056,13.48021,0.68021,12.77709,-0.02291
75,2022,2,12.46000,12.03442,-0.42558,12.26262,-0.19738,12.42060,-0.03940
75,2022,3,11.10000,10.50776,-0.59224,10.61526,-0.48474,11.08983,-0.01017
75,2022,4,8.61000,8.24803,-0.36197,7.94808,-0.66192,8.72621,0.11621
75,2022,5,5.89000,5.56867,-0.32133,5.62279,-0.26721,6.04773,0.15773
75,2022,6,4.03000,3.98663,-0.04337,4.53335,0.50335,3.95069,-0.07931
75,2022,7,3.47000,3.87413,0.40413,4.65813,1.18813,3.64167,0.17167
75,2022,8,5.25000,5.69443,0.44443,5.59027,0.34027,5.32959,0.07959
75,2022,9,8.52000,8.76497,0.24497,7.54369,-0.97631,8.13774,-0.38226
75,2022,10,10.27000,10.71993,0.44993,9.76217,-0.50783,10.60220,0.33220
75,2022,11,11.88000,12.25127,0.37127,11.84202,-0.03798,12.08568,0.20568
75,2022,12,12.61000,12.74932,0.13932,13.12372,0.51372,12.65958,0.04958
76,2022,1,12.46000,12.05230,-0.40770,12.23912,-0.22088,12.24209,-0.21791
76,2022,2,11.10000,10.49329,-0.60671,10.11065,-0.98935,10.98096,-0.11904
76,2022,3,8.61000,8.21731,-0.39269,8.01944,-0.59056,8.67405,0.06405
76,2022,4,5.89000,5.73544,-0.15456,5.62713,-0.26287,5.92038,0.03038
76,2022,5,4.03000,3.93606,-0.09394,4.08157,0.05157,4.09986,0.06986
76,2022,6,3.47000,4.05444,0.58444,4.26228,0.79228,3.98101,0.51101
76,2022,7,5.25000,5.65594,0.40594,5.61771,0.36771,5.60254,0.35254
76,2022,8,8.52000,8.59871,0.07871,7.53484,-0.98516,8.15832,-0.36168
76,2022,9,10.27000,11.14223,0.87223,9.85858,-0.41142,10.53437,0.26437
76,2022,10,11.88000,12.13019,0.25019,11.81011,-0.06989,11.98250,0.10250
76,2022,11,12.61000,12.69903,0.08903,13.00087,0.39087,12.60794,-0.00206
76,2022,12,12.91000,12.62419,-0.28581,13.13573,0.22573,12.69808,-0.21192
77,2022,1,11.10000,10.72647,-0.37353,10.08282,-1.01718,10.87622,-0.22378
77,2022,2,8.61000,8.24726,-0.36274,7.53195,-1.07805,8.58716,-0.02284
77,2022,3,5.89000,5.73428,-0.15572,5.71749,-0.17251,5.84603,-0.04397
77,2022,4,4.03000,3.98740,-0.04260,4.24185,0.21185,3.94959,-0.08041
77,2022,5,3.47000,4.11600,0.64600,3.91091,0.44091,4.02510,0.55510
77,2022,6,5.25000,5.94233,0.69233,5.32775,0.07775,5.85571,0.60571
77,2022,7,8.52000,8.49729,-0.02271,7.65213,-0.86787,8.39083,-0.12917
77,2022,8,10.27000,10.77420,0.50420,9.98162,-0.28838,10.64647,0.37647
77,2022,9,11.88000,12.43643,0.55643,12.06567,0.18567,11.95416,0.07416
77,2022,10,12.61000,12.75279,0.14279,13.09889,0.48889,12.67631,0.06631
77,2022,11,12.91000,12.75136,-0.15864,13.06904,0.15904,12.68885,-0.22115
77,2022,12,12.53000,12.20066,-0.32934,12.04641,-0.48359,12.24353,-0.28647
78,2022,1,8.61000,8.51651,-0.09349,7.70295,-0.90705,8.47988,-0.13012
78,2022,2,5.89000,5.68667,-0.20333,5.45966,-0.43034,5.83720,-0.05280
78,2022,3,4.03000,3.95375,-0.07625,4.51618,0.48618,3.84585,-0.18415
78,2022,4,3.47000,3.92460,0.45460,4.33935,0.86935,3.81488,0.34488
78,2022,5,5.25000,5.79268,0.54268,5.35261,0.10261,5.75457,0.50457
78,2022,6,8.52000,8.40830,-0.11170,7.66567,-0.85433,8.54336,0.02336
78,2022,7,10.27000,10.63600,0.36600,10.25118,-0.01882,10.83527,0.56527
78,2022,8,11.88000,12.08391,0.20391,12.24580,0.36580,12.25102,0.37102
78,2022,9,12.61000,12.95676,0.34676,13.38813,0.77813,12.62793,0.01793
78,2022,10,12.91000,12.81923,-0.09077,13.25253,0.34253,12.83363,-0.07637
78,2022,11,12.53000,12.42652,-0.10348,11.95298,-0.57702,12.16466,-0.36534
78,2022,12,11.05000,10.81817,-0.23183,10.12885,-0.92115,10.87907,-0.17093
79,2022,1,5.89000,5.91384,0.02384,5.86177,-0.02823,5.63382,-0.25618
79,2022,2,4.03000,4.09056,0.06056,4.54411,0.51411,3.85857,-0.17143
79,2022,3,3.47000,3.98664,0.51664,4.62041,1.15041,3.73860,0.26860
79,2022,4,5.25000,5.75044,0.50044,5.66241,0.41241,5.56957,0.31957
79,2022,5,8.52000,8.28294,-0.23706,7.62161,-0.89839,8.39042,-0.12958
79,2022,6,10.27000,10.73088,0.46088,10.22449,-0.04551,10.93327,0.66327
79,2022,7,11.88000,12.09008,0.21008,12.30909,0.42909,12.37590,0.49590
79,2022,8,12.61000,12.89587,0.28587,13.43361,0.82361,12.97135,0.36135
79,2022,9,12.91000,13.10013,0.19013,13.33457,0.42457,12.75619,-0.15381
79,2022,10,12.53000,12.24800,-0.28200,12.16621,-0.36379,12.25360,-0.27640
79,2022,11,11.05000,10.78161,-0.26839,10.03653,-1.01347,10.70454,-0.34546
79,2022,12,8.69000,8.46567,-0.22433,7.98962,-0.70038,8.50262,-0.18738
80,2022,1,4.03000,3.98932,-0.04068,4.75747,0.72747,3.68233,-0.34767
80,2022,2,3.47000,3.91639,0.44639,4.67542,1.20542,3.74680,0.27680
80,2022,3,5.25000,5.71953,0.46953,5.70958,0.45958,5.58588,0.33588
80,2022,4,8.52000,8.41700,-0.10300,7.63109,-0.88891,8.29392,-0.22608
80,2022,5,10.27000,10.73508,0.46508,9.90849,-0.36151,10.84058,0.57058
80,2022,6,11.88000,12.30711,0.42711,12.21113,0.33113,12.47087,0.59087
80,2022,7,12.61000,12.89959,0.28959,13.31550,0.70550,13.06561,0.45561
80,2022,8,12.91000,12.79816,-0.11184,13.35360,0.44360,13.00627,0.09627
80,2022,9,12.53000,12.63352,0.10352,12.08590,-0.44410,12.19487,-0.33513
80,2022,10,11.05000,10.76161,-0.28839,10.13662,-0.91338,10.73450,-0.31550
80,2022,11,8.69000,8.31528,-0.37472,7.78122,-0.90878,8.32993,-0.36007
80,2022,12,5.54000,5.84798,0.30798,6.04280,0.50280,5.83862,0.29862
81,2022,1,3.47000,3.77210,0.30210,4.51179,1.04179,3.69929,0.22929
81,2022,2,5.25000,5.50313,0.25313,5.68723,0.43723,5.60042,0.35042
81,2022,3,8.52000,8.36499,-0.15501,7.56621,-0.95379,8.31663,-0.20337
81,2022,4,10.27000,10.80768,0.53768,9.86532,-0.40468,10.70103,0.43103
81,2022,5,11.88000,12.32157,0.44157,11.84261,-0.03739,12.37077,0.49077
81,2022,6,12.61000,12.86847,0.25847,13.30743,0.69743,13.13914,0.52914
81,2022,7,12.91000,12.78613,-0.12387,13.23488,0.32488,13.11125,0.20125
81,2022,8,12.53000,12.33298,-0.19702,12.15335,-0.37665,12.38672,-0.14328
81,2022,9,11.05000,11.07378,0.02378,9.95049,-1.09951,10.66837,-0.38163
81,2022,10,8.69000,8.35448,-0.33552,7.62073,-1.06927,8.32693,-0.36307
81,2022,11,5.54000,5.84017,0.30017,5.59947,0.05947,5.67543,0.13543
81,2022,12,3.52000,4.00024,0.48024,4.65786,1.13786,4.09050,0.57050
82,2022,1,5.25000,5.24860,-0.00140,5.28940,0.03940,5.42125,0.17125
82,2022,2,8.52000,8.15378,-0.36622,7.43572,-1.08428,8.21625,-0.30375
82,2022,3,10.27000,10.87118,0.60118,9.85453,-0.41547,10.61644,0.34644
82,2022,4,11.88000,12.42806,0.54806,11.86798,-0.01202,12.10640,0.22640
82,2022,5,12.61000,13.07377,0.46377,13.02833,0.41833,12.99235,0.38235
82,2022,6,12.91000,13.08677,0.17677,13.27572,0.36572,13.16555,0.25555
82,2022,7,12.53000,12.41672,-0.11328,12.10906,-0.42094,12.50651,-0.02349
82,2022,8,11.05000,10.98104,-0.06896,10.09027,-0.95973,10.88282,-0.16718
82,2022,9,8.69000,8.62681,-0.06319,7.42901,-1.26099,8.22409,-0.46591
82,2022,10,5.54000,5.76075,0.22075,5.26660,-0.27340,5.54882,0.00882
82,2022,11,3.52000,3.79525,0.27525,4.07208,0.55208,3.76983,0.24983
82,2022,12,2.83000,3.78943,0.95943,4.28180,1.45180,3.99398,1.16398
83,2022,1,8.52000,8.01900,-0.50100,7.09762,-1.42238,7.95695,-0.56305
83,2022,2,10.27000,10.62774,0.35774,9.66941,-0.60059,10.44025,0.17025
83,2022,3,11.88000,12.45077,0.57077,12.02881,0.14881,12.00920,0.12920
83,2022,4,12.61000,13.19184,0.58184,13.14063,0.53063,12.68925,0.07925
83,2022,5,12.91000,13.22808,0.31808,13.19633,0.28633,13.04637,0.13637
83,2022,6,12.53000,12.62375,0.09375,12.11942,-0.41058,12.57395,0.04395
83,2022,7,11.05000,11.03663,-0.01337,10.20446,-0.84554,11.03761,-0.01239
83,2022,8,8.69000,8.39765,-0.29235,7.73729,-0.95271,8.41699,-0.27301
83,2022,9,5.54000,5.94055,0.40055,5.32247,-0.21753,5.47784,-0.06216
83,2022,10,3.52000,3.74038,0.22038,3.85067,0.33067,3.55375,0.03375
83,2022,11,2.83000,3.65129,0.82129,3.82221,0.99221,3.60494,0.77494
83,2022,12,4.88000,5.62117,0.74117,5.23347,0.35347,5.58154,0.70154
84,2022,1,10.27000,11.04206,0.77206,9.61657,-0.65343,10.42465,0.15465
84,2022,2,11.88000,12.55710,0.67710,11.88948,0.00948,11.91271,0.03271
84,2022,3,12.61000,13.12023,0.51023,13.51922,0.90922,12.69456,0.08456
84,2022,4,12.91000,13.10891,0.19891,13.34506,0.43506,12.77459,-0.13541
84,2022,5,12.53000,12.35771,-0.17229,12.31441,-0.21559,12.57222,0.04222
84,2022,6,11.05000,10.86881,-0.18119,10.20469,-0.84531,11.15074,0.10074
84,2022,7,8.69000,8.25202,-0.43798,8.00839,-0.68161,8.67259,-0.01741
84,2022,8,5.54000,5.74118,0.20118,5.73820,0.19820,5.61262,0.07262
84,2022,9,3.52000,4.11585,0.59585,4.30879,0.78879,3.55709,0.03709
84,2022,10,2.83000,3.76209,0.93209,3.84642,1.01642,3.46861,0.63861
84,2022,11,4.88000,5.70365,0.82365,5.05060,0.17060,5.41221,0.53221
84,2022,12,8.30000,8.37994,0.07994,7.36261,-0.93739,8.18620,-0.11380
85,2023,1,11.88000,12.28191,0.40191,11.87554,-0.00446,11.85168,-0.02832
85,2023,2,12.61000,13.18186,0.57186,13.21345,0.60345,12.54924,-0.06076
85,2023,3,12.91000,13.09848,0.18848,13.75873,0.84873,12.79792,-0.11208
85,2023,4,12.53000,12.35820,-0.17180,12.39892,-0.13108,12.34842,-0.18158
85,2023,5,11.05000,10.69065,-0.35935,10.50510,-0.54490,11.32169,0.27169
85,2023,6,8.69000,8.38186,-0.30814,8.06632,-0.62368,8.88154,0.19154
85,2023,7,5.54000,5.82496,0.28496,6.13196,0.59196,5.95430,0.41430
85,2023,8,3.52000,3.98900,0.46900,4.60050,1.08050,3.67433,0.15433
85,2023,9,2.83000,4.16652,1.33652,4.46781,1.63781,3.43737,0.60737
85,2023,10,4.88000,5.55400,0.67400,5.07340,0.19340,5.22835,0.34835
85,2023,11,8.30000,8.07093,-0.22907,7.16812,-1.13188,8.02741,-0.27259
85,2023,12,10.34000,10.68876,0.34876,9.73339,-0.60661,10.39342,0.05342
86,2023,1,12.61000,12.68566,0.07566,13.22337,0.61337,12.51264,-0.09736
86,2023,2,12.91000,12.88557,-0.02443,13.35309,0.44309,12.74416,-0.16584
86,2023,3,12.53000,12.43629,-0.09371,12.79047,0.26047,12.40758,-0.12242
86,2023,4,11.05000,10.89094,-0.15906,10.62501,-0.42499,11.16223,0.11223
86,2023,5,8.69000,8.51605,-0.17395,8.20285,-0.48715,9.10475,0.41475
86,2023,6,5.54000,5.94653,0.40653,6.10547,0.56547,6.19624,0.65624
86,2023,7,3.52000,4.24793,0.72793,4.97392,1.45392,3.93631,0.41631
86,2023,8,2.83000,3.89186,1.06186,4.52911,1.69911,3.47896,0.64896
86,2023,9,4.88000,5.84526,0.96526,5.51310,0.63310,5.14057,0.26057
86,2023,10,8.30000,7.90259,-0.39741,7.10932,-1.19068,7.90156,-0.39844
86,2023,11,10.34000,10.28831,-0.05169,9.51089,-0.82911,10.37903,0.03903
86,2023,12,12.24000,12.22677,-0.01323,11.70316,-0.53684,11.81191,-0.42809
87,2023,1,12.91000,12.68602,-0.22398,13.38159,0.47159,12.62926,-0.28074
87,2023,2,12.53000,12.16527,-0.36473,12.35181,-0.17819,12.38489,-0.14511
87,2023,3,11.05000,10.74925,-0.30075,10.85644,-0.19356,11.20713,0.15713
87,2023,4,8.69000,8.55743,-0.13257,8.28257,-0.40743,8.99768,0.30768
87,2023,5,5.54000,5.83365,0.29365,5.96153,0.42153,6.40234,0.86234
87,2023,6,3.52000,4.16919,0.64919,4.77483,1.25483,4.21881,0.69881
87,2023,7,2.83000,3.84662,1.01662,4.73683,1.90683,3.69390,0.86390
87,2023,8,4.88000,5.61637,0.73637,5.48412,0.60412,5.14585,0.26585
87,2023,9,8.30000,8.47764,0.17764,7.29405,-1.00595,7.80455,-0.49545
87,2023,10,10.34000,10.45575,0.11575,9.40216,-0.93784,10.25675,-0.08325
87,2023,11,12.24000,11.97072,-0.26928,11.49958,-0.74042,11.80422,-0.43578
87,2023,12,12.76000,12.35920,-0.40080,12.88277,0.12277,12.44925,-0.31075
88,2023,1,12.53000,12.41278,-0.11722,12.38132,-0.14868,12.26753,-0.26247
88,2023,2,11.05000,10.85044,-0.19956,10.41253,-0.63747,11.16304,0.11304
88,2023,3,8.69000,8.54811,-0.14189,8.39638,-0.29362,9.02244,0.33244
88,2023,4,5.54000,6.08358,0.54358,5.98819,0.44819,6.31562,0.77562
88,2023,5,3.52000,4.07663,0.55663,4.33232,0.81232,4.36307,0.84307
88,2023,6,2.83000,4.15454,1.32454,4.32408,1.49408,3.97505,1.14505
88,2023,7,4.88000,5.50111,0.62111,5.49898,0.61898,5.35686,0.47686
88,2023,8,8.30000,8.37249,0.07249,7.27008,-1.02992,7.79221,-0.50779
88,2023,9,10.34000,10.88372,0.54372,9.50226,-0.83774,10.20451,-0.13549
88,2023,10,12.24000,11.72497,-0.51503,11.48408,-0.75592,11.74609,-0.49391
88,2023,11,12.76000,12.38585,-0.37415,12.78930,0.02930,12.46525,-0.29475
88,2023,12,13.19000,12.66838,-0.52162,13.09267,-0.09733,12.62149,-0.56851
89,2023,1,11.05000,10.90789,-0.14211,10.38743,-0.66257,11.06031,0.01031
89,2023,2,8.69000,8.58841,-0.10159,7.92493,-0.76507,8.92913,0.23913
89,2023,3,5.54000,6.02009,0.48009,6.09200,0.55200,6.26638,0.72638
89,2023,4,3.52000,4.13382,0.61382,4.48581,0.96581,4.23853,0.71853
89,2023,5,2.83000,4.21442,1.38442,4.00078,1.17078,4.04704,1.21704
89,2023,6,4.88000,5.76257,0.88257,5.24276,0.36276,5.61351,0.73351
89,2023,7,8.30000,8.31726,0.01726,7.39901,-0.90099,8.04266,-0.25734
89,2023,8,10.34000,10.40261,0.06261,9.64648,-0.69352,10.31991,-0.02009
89,2023,9,12.24000,12.04364,-0.19636,11.74501,-0.49499,11.74509,-0.49491
89,2023,10,12.76000,12.53109,-0.22891,12.89544,0.13544,12.53440,-0.22560
89,2023,11,13.19000,12.77553,-0.41447,13.02712,-0.16288,12.63239,-0.55761
89,2023,12,12.56000,12.38962,-0.17038,12.18673,-0.37327,12.27350,-0.28650
90,2023,1,8.69000,8.56780,-0.12220,7.98910,-0.70090,8.75779,0.06779
90,2023,2,5.54000,5.78150,0.24150,5.74944,0.20944,6.20239,0.66239
90,2023,3,3.52000,4.18626,0.66626,4.71910,1.19910,4.13452,0.61452
90,2023,4,2.83000,3.96383,1.13383,4.39969,1.56969,3.85677,1.02677
90,2023,5,4.88000,5.71891,0.83891,5.25613,0.37613,5.55354,0.67354
90,2023,6,8.30000,8.20379,-0.09621,7.45214,-0.84786,8.21233,-0.08767
90,2023,7,10.34000,10.36870,0.02870,9.95885,-0.38115,10.52912,0.18912
90,2023,8,12.24000,11.68803,-0.55197,11.95963,-0.28037,12.03404,-0.20596
90,2023,9,12.76000,12.69493,-0.06507,13.19263,0.43263,12.50265,-0.25735
90,2023,10,13.19000,12.78971,-0.40029,13.18208,-0.00792,12.74438,-0.44562
90,2023,11,12.56000,12.46137,-0.09863,12.03837,-0.52163,12.15769,-0.40231
90,2023,12,11.07000,10.95862,-0.11138,10.33181,-0.73819,10.99413,-0.07587
91,2023,1,5.54000,6.07569,0.53569,6.04256,0.50256,5.93252,0.39252
91,2023,2,3.52000,4.31291,0.79291,4.66887,1.14887,4.11154,0.59154
91,2023,3,2.83000,3.99389,1.16389,4.65040,1.82040,3.78787,0.95787
91,2023,4,4.88000,5.75371,0.87371,5.57694,0.69694,5.38189,0.50189
91,2023,5,8.30000,8.05140,-0.24860,7.41868,-0.88132,8.07930,-0.22070
91,2023,6,10.34000,10.44608,0.10608,9.97991,-0.36009,10.63227,0.29227
91,2023,7,12.24000,11.72510,-0.51490,12.08294,-0.15706,12.15510,-0.08490
91,2023,8,12.76000,12.77245,0.01245,13.26290,0.50290,12.83411,0.07411
91,2023,9,13.19000,13.07799,-0.11201,13.27720,0.08720,12.66800,-0.52200
91,2023,10,12.56000,12.22753,-0.33247,12.20791,-0.35209,12.22433,-0.33567
91,2023,11,11.07000,10.85108,-0.21892,10.17839,-0.89161,10.77766,-0.29234
91,2023,12,8.60000,8.51746,-0.08254,8.17569,-0.42431,8.70720,0.10720
92,2023,1,3.52000,3.89423,0.37423,4.74302,1.22302,3.67995,0.15995
92,2023,2,2.83000,3.90028,1.07028,4.59758,1.76758,3.66585,0.83585
92,2023,3,4.88000,5.65637,0.77637,5.57421,0.69421,5.37353,0.49353
92,2023,4,8.30000,8.27646,-0.02354,7.46005,-0.83995,8.01738,-0.28262
92,2023,5,10.34000,10.38066,0.04066,9.71681,-0.62319,10.60403,0.26403
92,2023,6,12.24000,12.07393,-0.16607,12.07152,-0.16848,12.32061,0.08061
92,2023,7,12.76000,12.80647,0.04647,13.23519,0.47519,12.96019,0.20019
92,2023,8,13.19000,12.74485,-0.44515,13.32261,0.13261,12.95150,-0.23850
92,2023,9,12.56000,12.84408,0.28408,12.12465,-0.43535,12.16667,-0.39333
92,2023,10,11.07000,10.80278,-0.26722,10.18835,-0.88165,10.72910,-0.34090
92,2023,11,8.60000,8.09171,-0.50829,7.84675,-0.75325,8.36111,-0.23889
92,2023,12,5.16000,5.68984,0.52984,6.08050,0.92050,5.88896,0.72896
93,2023,1,2.83000,3.38618,0.55618,4.30556,1.47556,3.37019,0.54019
93,2023,2,4.88000,5.31208,0.43208,5.45711,0.57711,5.28190,0.40190
93,2023,3,8.30000,8.20873,-0.09127,7.34901,-0.95099,8.04901,-0.25099
93,2023,4,10.34000,10.55968,0.21968,9.71938,-0.62062,10.52445,0.18445
93,2023,5,12.24000,12.14056,-0.09944,11.72895,-0.51105,12.29748,0.05748
93,2023,6,12.76000,12.71506,-0.04494,13.28287,0.52287,13.13737,0.37737
93,2023,7,13.19000,12.91206,-0.27794,13.27839,0.08839,13.10406,-0.08594
93,2023,8,12.56000,12.45370,-0.10630,12.20662,-0.35338,12.39334,-0.16666
93,2023,9,11.07000,11.09211,0.02211,9.98023,-1.08977,10.67837,-0.39163
93,2023,10,8.60000,8.03509,-0.56491,7.58849,-1.01151,8.27733,-0.32267
93,2023,11,5.16000,5.52397,0.36397,5.51466,0.35466,5.54485,0.38485
93,2023,12,3.09000,3.80958,0.71958,4.50391,1.41391,3.86474,0.77474
94,2023,1,4.88000,4.81610,-0.06390,4.96373,0.08373,4.97114,0.09114
94,2023,2,8.30000,7.85646,-0.44354,7.15603,-1.14397,7.90076,-0.39924
94,2023,3,10.34000,10.62103,0.28103,9.67723,-0.66277,10.44321,0.10321
94,2023,4,12.24000,12.20057,-0.03943,11.82137,-0.41863,12.06555,-0.17445
94,2023,5,12.76000,12.93791,0.17791,13.04118,0.28118,13.04976,0.28976
94,2023,6,13.19000,13.24067,0.05067,13.36653,0.17653,13.28384,0.09384
94,2023,7,12.56000,12.59730,0.03730,12.22525,-0.33475,12.60177,0.04177
94,2023,8,11.07000,10.99342,-0.07658,10.14802,-0.92198,10.94420,-0.12580
94,2023,9,8.60000,8.52088,-0.07912,7.37798,-1.22202,8.19317,-0.40683
94,2023,10,5.16000,5.49053,0.33053,5.08298,-0.07702,5.34129,0.18129
94,2023,11,3.09000,3.31092,0.22092,3.80953,0.71953,3.39663,0.30663
94,2023,12,2.91000,3.26146,0.35146,3.96451,1.05451,3.54455,0.63455
95,2023,1,8.30000,7.84118,-0.45882,6.81894,-1.48106,7.66469,-0.63531
95,2023,2,10.34000,10.40235,0.06235,9.49925,-0.84075,10.28434,-0.05566
95,2023,3,12.24000,12.17056,-0.06944,12.01023,-0.22977,11.95407,-0.28593
95,2023,4,12.76000,13.19251,0.43251,13.24045,0.48045,12.73655,-0.02345
95,2023,5,13.19000,13.25426,0.06426,13.32062,0.13062,13.17975,-0.01025
95,2023,6,12.56000,12.83160,0.27160,12.23199,-0.32801,12.76684,0.20684
95,2023,7,11.07000,11.01678,-0.05322,10.29056,-0.77944,11.18071,0.11071
95,2023,8,8.60000,8.29657,-0.30343,7.71432,-0.88568,8.42322,-0.17678
95,2023,9,5.16000,5.75406,0.59406,5.13969,-0.02031,5.27895,0.11895
95,2023,10,3.09000,3.07604,-0.01396,3.55234,0.46234,3.14768,0.05768
95,2023,11,2.91000,3.11034,0.20034,3.48039,0.57039,3.11544,0.20544
95,2023,12,4.54000,5.29450,0.75450,4.90384,0.36384,5.16422,0.62422
96,2023,1,10.34000,10.85797,0.51797,9.46798,-0.87202,10.30396,-0.03604
96,2023,2,12.24000,12.43443,0.19443,11.87230,-0.36770,11.85516,-0.38484
96,2023,3,12.76000,13.06231,0.30231,13.64874,0.88874,12.69335,-0.06665
96,2023,4,13.19000,13.16858,-0.02142,13.52631,0.33631,12.87550,-0.31450
96,2023,5,12.56000,12.47484,-0.08516,12.49645,-0.06355,12.77745,0.21745
96,2023,6,11.07000,10.93013,-0.13987,10.30851,-0.76149,11.38829,0.31829
96,2023,7,8.60000,8.11114,-0.48886,8.02794,-0.57206,8.77650,0.17650
96,2023,8,5.16000,5.40241,0.24241,5.62003,0.46003,5.46337,0.30337
96,2023,9,3.09000,3.71983,0.62983,4.06309,0.97309,3.16839,0.07839
96,2023,10,2.91000,3.27443,0.36443,3.51241,0.60241,2.95621,0.04621
96,2023,11,4.54000,5.32644,0.78644,4.73099,0.19099,4.97223,0.43223
96,2023,12,7.74000,8.13130,0.39130,7.12086,-0.61914,7.92213,0.18213
97,2024,1,12.24000,12.25181,0.01181,11.93189,-0.30811,11.89866,-0.34134
97,2024,2,12.76000,13.05318,0.29318,13.35461,0.59461,12.57812,-0.18187
97,2024,3,13.19000,13.19311,0.00311,13.96706,0.77706,12.86877,-0.32123
97,2024,4,12.56000,12.43469,-0.12531,12.57703,0.01703,12.52399,-0.03601
97,2024,5,11.07000,10.79586,-0.27414,10.60465,-0.46535,11.56239,0.49239
97,2024,6,8.60000,8.25208,-0.34792,8.01573,-0.58427,9.02654,0.42654
97,2024,7,5.16000,5.41602,0.25602,5.99806,0.83806,5.83144,0.67144
97,2024,8,3.09000,3.36427,0.27427,4.36735,1.27735,3.26726,0.17726
97,2024,9,2.91000,3.66435,0.75435,4.20174,1.29174,2.91639,0.00639
97,2024,10,4.54000,5.16159,0.62159,4.79930,0.25930,4.80923,0.26923
97,2024,11,7.74000,8.00015,0.26015,6.99715,-0.74285,7.82832,0.08832
97,2024,12,10.03000,10.74011,0.71011,9.68159,-0.34841,10.36454,0.33454
98,2024,1,12.76000,12.89190,0.13190,13.46249,0.70249,12.68577,-0.07423
98,2024,2,13.19000,13.03778,-0.15222,13.57759,0.38759,12.88022,-0.30978
98,2024,3,12.56000,12.55147,-0.00853,12.98782,0.42782,12.57662,0.01662
98,2024,4,11.07000,10.93694,-0.13306,10.69876,-0.37124,11.39001,0.32001
98,2024,5,8.60000,8.40354,-0.19646,8.13490,-0.46510,9.25751,0.65751
98,2024,6,5.16000,5.54342,0.38342,5.88162,0.72162,6.09336,0.93336
98,2024,7,3.09000,3.53836,0.44836,4.71508,1.62508,3.51813,0.42813
98,2024,8,2.91000,3.38945,0.47945,4.25064,1.34064,2.92086,0.01086
98,2024,9,4.54000,5.43724,0.89724,5.31026,0.77026,4.70504,0.16504
98,2024,10,7.74000,7.82253,0.08253,6.99777,-0.74223,7.76456,0.02456
98,2024,11,10.03000,10.54006,0.51006,9.55641,-0.47359,10.47322,0.44322
98,2024,12,11.49000,12.39405,0.90405,11.86089,0.37089,11.98116,0.49116
99,2024,1,13.19000,12.84628,-0.34372,13.65182,0.46182,12.81937,-0.37063
99,2024,2,12.56000,12.25619,-0.30381,12.51270,-0.04730,12.58953,0.02953
99,2024,3,11.07000,10.82650,-0.24350,10.89914,-0.17086,11.40172,0.33172
99,2024,4,8.60000,8.49724,-0.10276,8.15632,-0.44368,9.13659,0.53659
99,2024,5,5.16000,5.49548,0.33548,5.69456,0.53456,6.31465,1.15465
99,2024,6,3.09000,3.69490,0.60490,4.42749,1.33749,3.84383,0.75383
99,2024,7,2.91000,3.29332,0.38332,4.42974,1.51974,3.12617,0.21617
99,2024,8,4.54000,5.16404,0.62404,5.25352,0.71352,4.67986,0.13986
99,2024,9,7.74000,8.43875,0.69875,7.20957,-0.53043,7.62128,-0.11872
99,2024,10,10.03000,10.62798,0.59798,9.46710,-0.56290,10.34468,0.31468
99,2024,11,11.49000,12.13957,0.64957,11.70818,0.21818,12.00002,0.51002
99,2024,12,11.76000,12.56747,0.80747,13.13799,1.37799,12.64464,0.88464
100,2024,1,12.56000,12.51957,-0.04043,12.57994,0.01994,12.50672,-0.05328
100,2024,2,11.07000,10.88058,-0.18942,10.43240,-0.63760,11.36961,0.29961
100,2024,3,8.60000,8.48617,-0.11383,8.25018,-0.34982,9.09763,0.49763
100,2024,4,5.16000,5.80730,0.64730,5.68772,0.52772,6.19013,1.03013
100,2024,5,3.09000,3.65831,0.56831,3.92123,0.83123,4.00227,0.91227
100,2024,6,2.91000,3.57433,0.66433,3.90693,0.99693,3.50076,0.59076
100,2024,7,4.54000,5.07139,0.53139,5.22042,0.68042,4.92684,0.38684
100,2024,8,7.74000,8.22859,0.48859,7.14625,-0.59375,7.58746,-0.15254
100,2024,9,10.03000,10.98342,0.95342,9.55892,-0.47108,10.24577,0.21577
100,2024,10,11.49000,11.86308,0.37308,11.69092,0.20092,11.92361,0.43361
100,2024,11,11.76000,12.69509,0.93509,13.09020,1.33020,12.67477,0.91477
100,2024,12,12.19000,12.95916,0.76916,13.36397,1.17397,12.84295,0.65295
101,2024,1,11.07000,10.88302,-0.18698,10.41106,-0.65894,11.21735,0.14735
101,2024,2,8.60000,8.46441,-0.13559,7.72070,-0.87930,8.95023,0.35023
101,2024,3,5.16000,5.74908,0.58908,5.74422,0.58422,6.04696,0.88696
101,2024,4,3.09000,3.63870,0.54870,4.04201,0.95201,3.83270,0.74270
101,2024,5,2.91000,3.65305,0.74305,3.53412,0.62412,3.59709,0.68709
101,2024,6,4.54000,5.37427,0.83427,4.87329,0.33329,5.29244,0.75244
101,2024,7,7.74000,8.14616,0.40616,7.24213,-0.49787,7.89110,0.15110
101,2024,8,10.03000,10.48942,0.45942,9.67389,-0.35611,10.35750,0.32750
101,2024,9,11.49000,12.29167,0.80167,11.95992,0.46992,11.87854,0.38854
101,2024,10,11.76000,12.90469,1.14469,13.16644,1.40644,12.70628,0.94628
101,2024,11,12.19000,12.99667,0.80667,13.31660,1.12660,12.80114,0.61114
101,2024,12,12.05000,12.39603,0.34603,12.35956,0.30956,12.46165,0.41165
102,2024,1,8.60000,8.50616,-0.09384,7.84093,-0.75907,8.73780,0.13780
102,2024,2,5.16000,5.50119,0.34119,5.38394,0.22394,5.96174,0.80174
102,2024,3,3.09000,3.71329,0.62329,4.28212,1.19212,3.66486,0.57486
102,2024,4,2.91000,3.50248,0.59248,3.96891,1.05891,3.37077,0.46077
102,2024,5,4.54000,5.34738,0.80738,4.86704,0.32704,5.23604,0.69604
102,2024,6,7.74000,8.10839,0.36839,7.21103,-0.52897,8.14592,0.40592
102,2024,7,10.03000,10.47087,0.44087,9.96240,-0.06760,10.59647,0.56647
102,2024,8,11.49000,11.95834,0.46834,12.12516,0.63516,12.17667,0.68667
102,2024,9,11.76000,12.99440,1.23440,13.46092,1.70092,12.63240,0.87240
102,2024,10,12.19000,12.84340,0.65340,13.44685,1.25685,12.90134,0.71134
102,2024,11,12.05000,12.50672,0.45672,12.23849,0.18849,12.29565,0.24565
102,2024,12,10.28000,11.05976,0.77976,10.36463,0.08463,11.11082,0.83082
103,2024,1,5.16000,5.78323,0.62323,5.78335,0.62335,5.63216,0.47216
103,2024,2,3.09000,3.88402,0.79402,4.27150,1.18150,3.62500,0.53500
103,2024,3,2.91000,3.48864,0.57864,4.26737,1.35737,3.25912,0.34912
103,2024,4,4.54000,5.36445,0.82445,5.27567,0.73567,5.05516,0.51516
103,2024,5,7.74000,7.91981,0.17981,7.23204,-0.50796,8.02423,0.28423
103,2024,6,10.03000,10.56377,0.53377,9.96044,-0.06956,10.78967,0.75967
103,2024,7,11.49000,11.98088,0.49088,12.24875,0.75875,12.33792,0.84792
103,2024,8,11.76000,12.99235,1.23235,13.51112,1.75112,13.00058,1.24058
103,2024,9,12.19000,13.27558,1.08558,13.52796,1.33796,12.80027,0.61027
103,2024,10,12.05000,12.36809,0.31809,12.38854,0.33854,12.35996,0.30996
103,2024,11,10.28000,10.89252,0.61252,10.22902,-0.05098,10.84051,0.56051
103,2024,12,8.15000,8.38662,0.23662,8.06499,-0.08501,8.64067,0.49067
104,2024,1,3.09000,3.38959,0.29959,4.43215,1.34215,3.16468,0.07468
104,2024,2,2.91000,3.31876,0.40876,4.24210,1.33210,3.14685,0.23685
104,2024,3,4.54000,5.27472,0.73472,5.28415,0.74415,5.03965,0.49965
104,2024,4,7.74000,8.13984,0.39984,7.30748,-0.43252,7.97494,0.23494
104,2024,5,10.03000,10.48208,0.45208,9.69761,-0.33239,10.77985,0.74985
104,2024,6,11.49000,12.31317,0.82317,12.19465,0.70465,12.58925,1.09925
104,2024,7,11.76000,13.02854,1.26854,13.45621,1.69621,13.17736,1.41736
104,2024,8,12.19000,12.88085,0.69085,13.55736,1.36736,13.11956,0.92956
104,2024,9,12.05000,12.98114,0.93114,12.28247,0.23247,12.30015,0.25015
104,2024,10,10.28000,10.77077,0.49077,10.22863,-0.05137,10.78103,0.50103
104,2024,11,8.15000,7.96246,-0.18754,7.74810,-0.40190,8.24584,0.09584
104,2024,12,5.17000,5.40087,0.23087,5.85145,0.68145,5.56994,0.39994
105,2024,1,2.91000,2.88080,-0.02920,3.99131,1.08131,2.91408,0.00408
105,2024,2,4.54000,4.98032,0.44032,5.18739,0.64739,4.99626,0.45626
105,2024,3,7.74000,8.08959,0.34959,7.20122,-0.53878,8.00797,0.26797
105,2024,4,10.03000,10.69829,0.66829,9.73148,-0.29852,10.69842,0.66842
105,2024,5,11.49000,12.40368,0.91368,11.84393,0.35393,12.57289,1.08289
105,2024,6,11.76000,12.97619,1.21619,13.48132,1.72132,13.43050,1.67050
105,2024,7,12.19000,13.07190,0.88190,13.48740,1.29740,13.33279,1.14279
105,2024,8,12.05000,12.61543,0.56543,12.35542,0.30542,12.54848,0.49848
105,2024,9,10.28000,11.09863,0.81863,9.99265,-0.28735,10.73007,0.45007
105,2024,10,8.15000,7.87057,-0.27943,7.46355,-0.68645,8.15759,0.00759
105,2024,11,5.17000,5.22047,0.05047,5.27570,0.10570,5.21579,0.04579
105,2024,12,3.33000,3.35802,0.02802,4.19419,0.86419,3.41499,0.08499
106,2024,1,4.54000,4.84840,0.30840,4.83075,0.29075,4.92497,0.38497
106,2024,2,7.74000,7.81012,0.07012,7.11612,-0.62388,7.98781,0.24781
106,2024,3,10.03000,10.74788,0.71788,9.75913,-0.27087,10.61794,0.58794
106,2024,4,11.49000,12.44138,0.95138,11.98397,0.49397,12.29074,0.80074
106,2024,5,11.76000,13.16206,1.40206,13.21519,1.45519,13.28035,1.52035
106,2024,6,12.19000,13.45568,1.26568,13.49407,1.30407,13.50667,1.31667
106,2024,7,12.05000,12.56867,0.51867,12.30320,0.25320,12.76628,0.71628
106,2024,8,10.28000,10.87615,0.59615,10.13692,-0.14308,10.97477,0.69477
106,2024,9,8.15000,8.43010,0.28010,7.23890,-0.91110,8.05004,-0.09996
106,2024,10,5.17000,5.26834,0.09834,4.87712,-0.29288,5.06483,-0.10517
106,2024,11,3.33000,3.07675,-0.25325,3.58056,0.25056,3.07595,-0.25405
106,2024,12,3.08000,3.04688,-0.03312,3.76916,0.68916,3.32724,0.24724
107,2024,1,7.74000,7.67414,-0.06586,6.79747,-0.94253,7.72753,-0.01247
107,2024,2,10.03000,10.51597,0.48597,9.56443,-0.46557,10.41462,0.38462
107,2024,3,11.49000,12.37917,0.88917,12.16435,0.67435,12.09988,0.60988
107,2024,4,11.76000,13.38820,1.62820,13.39249,1.63249,12.91911,1.15911
107,2024,5,12.19000,13.45041,1.26041,13.45849,1.26849,13.40565,1.21565
107,2024,6,12.05000,12.76472,0.71472,12.30290,0.25290,12.98742,0.93742
107,2024,7,10.28000,10.92537,0.64537,10.26142,-0.01858,11.27457,0.99457
107,2024,8,8.15000,8.17980,0.02980,7.58982,-0.56018,8.31595,0.16595
107,2024,9,5.17000,5.45220,0.28220,4.94967,-0.22033,4.99074,-0.17926
107,2024,10,3.33000,2.81158,-0.51842,3.32680,-0.00320,2.77462,-0.55538
107,2024,11,3.08000,2.97208,-0.10792,3.28829,0.20829,2.83903,-0.24097
107,2024,12,4.69000,5.12548,0.43548,4.79257,0.10257,5.07474,0.38474
108,2024,1,10.03000,10.56055,0.53055,9.42377,-0.60623,10.29505,0.26505
108,2024,2,11.49000,12.46262,0.97262,11.91187,0.42187,11.89524,0.40524
108,2024,3,11.76000,13.41487,1.65487,13.74967,1.98967,12.76883,1.00883
108,2024,4,12.19000,13.41950,1.22950,13.64247,1.45247,13.04732,0.85732
108,2024,5,12.05000,12.67050,0.62050,12.55425,0.50425,13.03541,0.98541
108,2024,6,10.28000,11.04620,0.76620,10.28904,0.00904,11.61019,1.33019
108,2024,7,8.15000,8.20512,0.05512,7.93135,-0.21865,8.77524,0.62524
108,2024,8,5.17000,5.13889,-0.03111,5.43339,0.26339,5.21364,0.04364
108,2024,9,3.33000,3.40621,0.07621,3.82947,0.49947,2.75340,-0.57660
108,2024,10,3.08000,2.98959,-0.09041,3.25365,0.17365,2.51168,-0.56832
108,2024,11,4.69000,4.85243,0.16243,4.53087,-0.15913,4.68504,-0.00496
108,2024,12,7.36000,7.94353,0.58353,6.99130,-0.36870,7.81138,0.45138
109,2025,1,11.49000,12.19038,0.70038,11.88179,0.39179,11.86093,0.37093
109,2025,2,11.76000,13.21328,1.45328,13.38644,1.62644,12.57563,0.81563
109,2025,3,12.19000,13.33097,1.14097,14.05273,1.86273,12.93181,0.74181
109,2025,4,12.05000,12.67936,0.62936,12.67063,0.62063,12.72191,0.67191
109,2025,5,10.28000,10.85341,0.57341,10.61969,0.33969,11.83470,1.55470
109,2025,6,8.15000,8.20187,0.05187,7.93538,-0.21462,9.19331,1.04331
109,2025,7,5.17000,5.16583,-0.00417,5.86496,0.69496,5.69772,0.52772
109,2025,8,3.33000,3.04770,-0.28230,4.14922,0.81922,2.86903,-0.46097
109,2025,9,3.08000,3.42158,0.34158,3.95428,0.87428,2.40275,-0.67725
109,2025,10,4.69000,4.74966,0.05966,4.51383,-0.17617,4.36466,-0.32534
109,2025,11,7.36000,7.70593,0.34593,6.79353,-0.56647,7.57274,0.21274
109,2025,12,9.60000,10.42972,0.82972,9.55103,-0.04897,10.25933,0.65933
110,2025,1,11.76000,12.72689,0.96689,13.34901,1.58901,12.46524,0.70524
110,2025,2,12.19000,13.21218,1.02218,13.56284,1.37284,12.77001,0.58001
110,2025,3,12.05000,12.73700,0.68700,13.04502,0.99502,12.59652,0.54652
110,2025,4,10.28000,11.09181,0.81181,10.78582,0.50582,11.59393,1.31393
110,2025,5,8.15000,8.19244,0.04244,8.17267,0.02267,9.51879,1.36879
110,2025,6,5.17000,5.36915,0.19915,5.84546,0.67546,6.19783,1.02783
110,2025,7,3.33000,3.29323,-0.03677,4.61027,1.28027,3.27890,-0.05110
110,2025,8,3.08000,3.26084,0.18084,4.04037,0.96037,2.45636,-0.62364
110,2025,9,4.69000,5.32362,0.63362,5.04595,0.35595,4.16153,-0.52847
110,2025,10,7.36000,7.37841,0.01841,6.65114,-0.70886,7.28870,-0.07130
110,2025,11,9.60000,9.86742,0.26742,9.28323,-0.31677,10.11760,0.51760
110,2025,12,11.39000,11.89728,0.50728,11.64925,0.25925,11.71576,0.32576
111,2025,1,12.19000,12.36002,0.17002,13.45814,1.26814,12.40222,0.21222
111,2025,2,12.05000,12.27572,0.22572,12.44707,0.39707,12.40077,0.35077
111,2025,3,10.28000,10.97311,0.69311,10.94912,0.66912,11.42853,1.14853
111,2025,4,8.15000,8.52753,0.37753,8.28535,0.13535,9.37050,1.22050
111,2025,5,5.17000,5.47188,0.30188,5.76146,0.59146,6.55098,1.38098
111,2025,6,3.33000,3.63663,0.30663,4.42329,1.09329,3.84863,0.51863
111,2025,7,3.08000,3.44930,0.36930,4.34471,1.26471,2.75116,-0.32884
111,2025,8,4.69000,4.92327,0.23327,5.01087,0.32087,4.12468,-0.56532
111,2025,9,7.36000,8.07179,0.71179,6.86281,-0.49719,7.01576,-0.34424
111,2025,10,9.60000,9.79223,0.19223,9.01795,-0.58205,9.77670,0.17670
111,2025,11,11.39000,11.22795,-0.16205,11.32598,-0.06402,11.46989,0.07989
111,2025,12,12.41000,12.17404,-0.23596,12.82226,0.41226,12.16694,-0.24306
112,2025,1,12.05000,11.97392,-0.07608,12.35628,0.30628,11.96471,-0.08529
112,2025,2,10.28000,10.66420,0.38420,10.38670,0.10670,11.17426,0.89426
112,2025,3,8.15000,8.45178,0.30178,8.35978,0.20978,9.20473,1.05473
112,2025,4,5.17000,5.75058,0.58058,5.89695,0.72695,6.45848,1.28848
112,2025,5,3.33000,3.59608,0.26608,4.05184,0.72184,4.16998,0.83998
112,2025,6,3.08000,3.59674,0.51674,3.94223,0.86223,3.36453,0.28453
112,2025,7,4.69000,4.97245,0.28245,5.13850,0.44850,4.42482,-0.26518
112,2025,8,7.36000,7.70877,0.34877,6.86180,-0.49820,6.94737,-0.41263
112,2025,9,9.60000,10.40626,0.80626,9.12140,-0.47860,9.58261,-0.01739
112,2025,10,11.39000,11.01825,-0.37175,11.13067,-0.25933,11.24401,-0.14599
112,2025,11,12.41000,11.87113,-0.53887,12.60256,0.19256,11.97478,-0.43522
112,2025,12,12.43000,12.25927,-0.17073,12.97815,0.54815,12.18518,-0.24482
